[debug] [2026-01-11T19:28:57.276Z] ----------------------------------------------------------------------
[debug] [2026-01-11T19:28:57.279Z] Command:       C:\Program Files\nodejs\node.exe C:\Users\ethan\AppData\Roaming\npm\node_modules\firebase-tools\lib\bin\firebase.js deploy --only hosting,functions
[debug] [2026-01-11T19:28:57.279Z] CLI Version:   15.1.0
[debug] [2026-01-11T19:28:57.279Z] Platform:      win32
[debug] [2026-01-11T19:28:57.279Z] Node Version:  v22.18.0
[debug] [2026-01-11T19:28:57.280Z] Time:          Sun Jan 11 2026 12:28:57 GMT-0700 (Mountain Standard Time)
[debug] [2026-01-11T19:28:57.280Z] ----------------------------------------------------------------------
[debug] 
[debug] [2026-01-11T19:28:59.077Z] > command requires scopes: ["email","openid","https://www.googleapis.com/auth/cloudplatformprojects.readonly","https://www.googleapis.com/auth/firebase","https://www.googleapis.com/auth/cloud-platform"]
[debug] [2026-01-11T19:28:59.077Z] > authorizing via signed-in user (ethanwurdeman@gmail.com)
[debug] [2026-01-11T19:28:59.078Z] [iam] checking project wurdemaniot for permissions ["cloudfunctions.functions.create","cloudfunctions.functions.delete","cloudfunctions.functions.get","cloudfunctions.functions.list","cloudfunctions.functions.update","cloudfunctions.operations.get","firebase.projects.get","firebasehosting.sites.update"]
[debug] [2026-01-11T19:28:59.079Z] Checked if tokens are valid: false, expires at: 1768160273226
[debug] [2026-01-11T19:28:59.079Z] Checked if tokens are valid: false, expires at: 1768160273226
[debug] [2026-01-11T19:28:59.079Z] > refreshing access token with scopes: []
[debug] [2026-01-11T19:28:59.082Z] >>> [apiv2][query] POST https://www.googleapis.com/oauth2/v3/token [none]
[debug] [2026-01-11T19:28:59.082Z] >>> [apiv2][body] POST https://www.googleapis.com/oauth2/v3/token [omitted]
[debug] [2026-01-11T19:28:59.299Z] <<< [apiv2][status] POST https://www.googleapis.com/oauth2/v3/token 200
[debug] [2026-01-11T19:28:59.299Z] <<< [apiv2][body] POST https://www.googleapis.com/oauth2/v3/token [omitted]
[debug] [2026-01-11T19:28:59.307Z] >>> [apiv2][query] POST https://cloudresourcemanager.googleapis.com/v1/projects/wurdemaniot:testIamPermissions [none]
[debug] [2026-01-11T19:28:59.307Z] >>> [apiv2][(partial)header] POST https://cloudresourcemanager.googleapis.com/v1/projects/wurdemaniot:testIamPermissions x-goog-quota-user=projects/wurdemaniot
[debug] [2026-01-11T19:28:59.307Z] >>> [apiv2][body] POST https://cloudresourcemanager.googleapis.com/v1/projects/wurdemaniot:testIamPermissions {"permissions":["cloudfunctions.functions.create","cloudfunctions.functions.delete","cloudfunctions.functions.get","cloudfunctions.functions.list","cloudfunctions.functions.update","cloudfunctions.operations.get","firebase.projects.get","firebasehosting.sites.update"]}
[debug] [2026-01-11T19:28:59.537Z] <<< [apiv2][status] POST https://cloudresourcemanager.googleapis.com/v1/projects/wurdemaniot:testIamPermissions 200
[debug] [2026-01-11T19:28:59.537Z] <<< [apiv2][body] POST https://cloudresourcemanager.googleapis.com/v1/projects/wurdemaniot:testIamPermissions {"permissions":["cloudfunctions.functions.create","cloudfunctions.functions.delete","cloudfunctions.functions.get","cloudfunctions.functions.list","cloudfunctions.functions.update","cloudfunctions.operations.get","firebase.projects.get","firebasehosting.sites.update"]}
[debug] [2026-01-11T19:28:59.537Z] Checked if tokens are valid: true, expires at: 1768163338299
[debug] [2026-01-11T19:28:59.538Z] Checked if tokens are valid: true, expires at: 1768163338299
[debug] [2026-01-11T19:28:59.538Z] >>> [apiv2][query] POST https://iam.googleapis.com/v1/projects/wurdemaniot/serviceAccounts/wurdemaniot@appspot.gserviceaccount.com:testIamPermissions [none]
[debug] [2026-01-11T19:28:59.538Z] >>> [apiv2][body] POST https://iam.googleapis.com/v1/projects/wurdemaniot/serviceAccounts/wurdemaniot@appspot.gserviceaccount.com:testIamPermissions {"permissions":["iam.serviceAccounts.actAs"]}
[debug] [2026-01-11T19:28:59.808Z] <<< [apiv2][status] POST https://iam.googleapis.com/v1/projects/wurdemaniot/serviceAccounts/wurdemaniot@appspot.gserviceaccount.com:testIamPermissions 200
[debug] [2026-01-11T19:28:59.808Z] <<< [apiv2][body] POST https://iam.googleapis.com/v1/projects/wurdemaniot/serviceAccounts/wurdemaniot@appspot.gserviceaccount.com:testIamPermissions {"permissions":["iam.serviceAccounts.actAs"]}
[debug] [2026-01-11T19:28:59.808Z] Checked if tokens are valid: true, expires at: 1768163338299
[debug] [2026-01-11T19:28:59.809Z] Checked if tokens are valid: true, expires at: 1768163338299
[debug] [2026-01-11T19:28:59.809Z] >>> [apiv2][query] GET https://firebase.googleapis.com/v1beta1/projects/wurdemaniot [none]
[debug] [2026-01-11T19:29:00.121Z] <<< [apiv2][status] GET https://firebase.googleapis.com/v1beta1/projects/wurdemaniot 200
[debug] [2026-01-11T19:29:00.122Z] <<< [apiv2][body] GET https://firebase.googleapis.com/v1beta1/projects/wurdemaniot {"projectId":"wurdemaniot","projectNumber":"326690015446","displayName":"WurdemanIoT","name":"projects/wurdemaniot","resources":{"hostingSite":"wurdemaniot","realtimeDatabaseInstance":"wurdemaniot-default-rtdb"},"state":"ACTIVE","etag":"1_c4933132-8454-474a-9ce0-301acfffa0ff"}
[info] 
[info] === Deploying to 'wurdemaniot'...
[info] 
[info] i  deploying functions, hosting 
[debug] [2026-01-11T19:29:00.126Z] Checked if tokens are valid: true, expires at: 1768163338299
[debug] [2026-01-11T19:29:00.126Z] Checked if tokens are valid: true, expires at: 1768163338299
[debug] [2026-01-11T19:29:00.127Z] >>> [apiv2][query] GET https://cloudresourcemanager.googleapis.com/v1/projects/wurdemaniot [none]
[debug] [2026-01-11T19:29:00.222Z] <<< [apiv2][status] GET https://cloudresourcemanager.googleapis.com/v1/projects/wurdemaniot 200
[debug] [2026-01-11T19:29:00.222Z] <<< [apiv2][body] GET https://cloudresourcemanager.googleapis.com/v1/projects/wurdemaniot {"projectNumber":"326690015446","projectId":"wurdemaniot","lifecycleState":"ACTIVE","name":"WurdemanIoT","labels":{"firebase":"enabled","firebase-core":"disabled"},"createTime":"2026-01-05T00:18:45.953950Z"}
[info] i  functions: preparing codebase default for deployment 
[info] i  functions: ensuring required API cloudfunctions.googleapis.com is enabled... 
[info] i  functions: ensuring required API cloudbuild.googleapis.com is enabled... 
[info] i  artifactregistry: ensuring required API artifactregistry.googleapis.com is enabled... 
[debug] [2026-01-11T19:29:00.226Z] Checked if tokens are valid: true, expires at: 1768163338299
[debug] [2026-01-11T19:29:00.226Z] Checked if tokens are valid: true, expires at: 1768163338299
[debug] [2026-01-11T19:29:00.226Z] >>> [apiv2][query] GET https://firebase.googleapis.com/v1beta1/projects/wurdemaniot/adminSdkConfig [none]
[debug] [2026-01-11T19:29:00.493Z] <<< [apiv2][status] GET https://firebase.googleapis.com/v1beta1/projects/wurdemaniot/adminSdkConfig 200
[debug] [2026-01-11T19:29:00.493Z] <<< [apiv2][body] GET https://firebase.googleapis.com/v1beta1/projects/wurdemaniot/adminSdkConfig {"projectId":"wurdemaniot","databaseURL":"https://wurdemaniot-default-rtdb.firebaseio.com","storageBucket":"wurdemaniot.firebasestorage.app"}
[debug] [2026-01-11T19:29:00.494Z] Checked if tokens are valid: true, expires at: 1768163338299
[debug] [2026-01-11T19:29:00.494Z] Checked if tokens are valid: true, expires at: 1768163338299
[debug] [2026-01-11T19:29:00.494Z] >>> [apiv2][query] GET https://runtimeconfig.googleapis.com/v1beta1/projects/wurdemaniot/configs [none]
[debug] [2026-01-11T19:29:00.715Z] <<< [apiv2][status] GET https://runtimeconfig.googleapis.com/v1beta1/projects/wurdemaniot/configs 200
[debug] [2026-01-11T19:29:00.715Z] <<< [apiv2][body] GET https://runtimeconfig.googleapis.com/v1beta1/projects/wurdemaniot/configs {}
[debug] [2026-01-11T19:29:00.716Z] Validating nodejs source
[warn] !  functions: package.json indicates an outdated version of firebase-functions. Please upgrade using npm install --save firebase-functions@latest in your functions directory. 
[warn] !  functions: Please note that there will be breaking changes when you upgrade. 
[debug] [2026-01-11T19:29:01.826Z] > [functions] package.json contents: {
  "name": "trackerportal-functions",
  "version": "1.0.0",
  "private": true,
  "main": "lib/index.js",
  "scripts": {
    "build": "tsc",
    "deploy": "npm run build && firebase deploy --only functions",
    "serve": "npm run build && firebase emulators:start --only functions,firestore,auth"
  },
  "engines": {
    "node": "20"
  },
  "dependencies": {
    "@dataconnect/admin-generated": "file:src/dataconnect-admin-generated",
    "firebase-admin": "^12.0.0",
    "firebase-functions": "^7.0.2"
  },
  "devDependencies": {
    "@types/express": "^4.17.21",
    "@types/node": "^20.11.19",
    "ts-node": "^10.9.2",
    "typescript": "^5.3.3"
  }
}
[debug] [2026-01-11T19:29:01.826Z] Building nodejs source
[info] i  functions: Loading and analyzing source code for codebase default to determine what to deploy 
[debug] [2026-01-11T19:29:01.829Z] Could not find functions.yaml. Must use http discovery
[debug] [2026-01-11T19:29:01.845Z] Found firebase-functions binary at 'C:\Users\ethan\OneDrive\Documents\GitHub\WurdemanIoT\TrackerPortal\functions\node_modules\.bin\firebase-functions'
[info] Serving at port 8282

[debug] [2026-01-11T19:29:02.620Z] Got response from /__/functions.yaml {"endpoints":{"ingest":{"availableMemoryMb":null,"timeoutSeconds":null,"minInstances":null,"maxInstances":null,"ingressSettings":null,"concurrency":8,"serviceAccountEmail":null,"vpc":null,"platform":"gcfv2","region":["us-central1"],"secretEnvironmentVariables":[{"key":"DEVICE_TOKEN"}],"labels":{},"httpsTrigger":{},"entryPoint":"ingest"},"config":{"availableMemoryMb":null,"timeoutSeconds":null,"minInstances":null,"maxInstances":null,"ingressSettings":null,"concurrency":null,"serviceAccountEmail":null,"vpc":null,"platform":"gcfv2","region":["us-central1"],"secretEnvironmentVariables":[{"key":"DEVICE_TOKEN"}],"labels":{},"httpsTrigger":{},"entryPoint":"config"},"thermostatIngest":{"availableMemoryMb":null,"timeoutSeconds":null,"minInstances":null,"maxInstances":null,"ingressSettings":null,"concurrency":8,"serviceAccountEmail":null,"vpc":null,"platform":"gcfv2","region":["us-central1"],"secretEnvironmentVariables":[{"key":"THERMOSTAT_TOKEN"}],"labels":{},"httpsTrigger":{},"entryPoint":"thermostatIngest"},"thermostatConfig":{"availableMemoryMb":null,"timeoutSeconds":null,"minInstances":null,"maxInstances":null,"ingressSettings":null,"concurrency":null,"serviceAccountEmail":null,"vpc":null,"platform":"gcfv2","region":["us-central1"],"secretEnvironmentVariables":[{"key":"THERMOSTAT_TOKEN"}],"labels":{},"httpsTrigger":{},"entryPoint":"thermostatConfig"}},"specVersion":"v1alpha1","requiredAPIs":[],"extensions":{},"params":[{"type":"secret","name":"DEVICE_TOKEN"},{"type":"secret","name":"THERMOSTAT_TOKEN"}]}
[info] i  extensions: ensuring required API firebaseextensions.googleapis.com is enabled... 
[debug] [2026-01-11T19:29:06.656Z] > command requires scopes: ["email","openid","https://www.googleapis.com/auth/cloudplatformprojects.readonly","https://www.googleapis.com/auth/firebase","https://www.googleapis.com/auth/cloud-platform"]
[debug] [2026-01-11T19:29:06.656Z] > authorizing via signed-in user (ethanwurdeman@gmail.com)
[debug] [2026-01-11T19:29:06.656Z] [iam] checking project wurdemaniot for permissions ["firebase.projects.get","firebaseextensions.instances.list"]
[debug] [2026-01-11T19:29:06.657Z] Checked if tokens are valid: true, expires at: 1768163338299
[debug] [2026-01-11T19:29:06.657Z] Checked if tokens are valid: true, expires at: 1768163338299
[debug] [2026-01-11T19:29:06.657Z] >>> [apiv2][query] POST https://cloudresourcemanager.googleapis.com/v1/projects/wurdemaniot:testIamPermissions [none]
[debug] [2026-01-11T19:29:06.657Z] >>> [apiv2][(partial)header] POST https://cloudresourcemanager.googleapis.com/v1/projects/wurdemaniot:testIamPermissions x-goog-quota-user=projects/wurdemaniot
[debug] [2026-01-11T19:29:06.657Z] >>> [apiv2][body] POST https://cloudresourcemanager.googleapis.com/v1/projects/wurdemaniot:testIamPermissions {"permissions":["firebase.projects.get","firebaseextensions.instances.list"]}
[debug] [2026-01-11T19:29:06.800Z] <<< [apiv2][status] POST https://cloudresourcemanager.googleapis.com/v1/projects/wurdemaniot:testIamPermissions 200
[debug] [2026-01-11T19:29:06.800Z] <<< [apiv2][body] POST https://cloudresourcemanager.googleapis.com/v1/projects/wurdemaniot:testIamPermissions {"permissions":["firebase.projects.get","firebaseextensions.instances.list"]}
[debug] [2026-01-11T19:29:06.801Z] Checked if tokens are valid: true, expires at: 1768163338299
[debug] [2026-01-11T19:29:06.801Z] Checked if tokens are valid: true, expires at: 1768163338299
[debug] [2026-01-11T19:29:06.801Z] >>> [apiv2][query] GET https://firebaseextensions.googleapis.com/v1beta/projects/wurdemaniot/instances pageSize=100&pageToken=
[debug] [2026-01-11T19:29:07.084Z] <<< [apiv2][status] GET https://firebaseextensions.googleapis.com/v1beta/projects/wurdemaniot/instances 200
[debug] [2026-01-11T19:29:07.084Z] <<< [apiv2][body] GET https://firebaseextensions.googleapis.com/v1beta/projects/wurdemaniot/instances {}
[debug] [2026-01-11T19:29:07.085Z] Checked if tokens are valid: true, expires at: 1768163338299
[debug] [2026-01-11T19:29:07.085Z] Checked if tokens are valid: true, expires at: 1768163338299
[debug] [2026-01-11T19:29:07.086Z] >>> [apiv2][query] GET https://secretmanager.googleapis.com/v1/projects/wurdemaniot/secrets/DEVICE_TOKEN [none]
[debug] [2026-01-11T19:29:07.348Z] <<< [apiv2][status] GET https://secretmanager.googleapis.com/v1/projects/wurdemaniot/secrets/DEVICE_TOKEN 200
[debug] [2026-01-11T19:29:07.348Z] <<< [apiv2][body] GET https://secretmanager.googleapis.com/v1/projects/wurdemaniot/secrets/DEVICE_TOKEN {"name":"projects/326690015446/secrets/DEVICE_TOKEN","replication":{"automatic":{}},"createTime":"2026-01-11T08:25:37.352258Z","labels":{"firebase-managed":"functions"},"etag":"\"16481880cc7428\""}
[debug] [2026-01-11T19:29:07.348Z] Checked if tokens are valid: true, expires at: 1768163338299
[debug] [2026-01-11T19:29:07.348Z] Checked if tokens are valid: true, expires at: 1768163338299
[debug] [2026-01-11T19:29:07.348Z] >>> [apiv2][query] GET https://secretmanager.googleapis.com/v1/projects/wurdemaniot/secrets/DEVICE_TOKEN/versions/latest [none]
[debug] [2026-01-11T19:29:07.468Z] <<< [apiv2][status] GET https://secretmanager.googleapis.com/v1/projects/wurdemaniot/secrets/DEVICE_TOKEN/versions/latest 200
[debug] [2026-01-11T19:29:07.468Z] <<< [apiv2][body] GET https://secretmanager.googleapis.com/v1/projects/wurdemaniot/secrets/DEVICE_TOKEN/versions/latest {"name":"projects/326690015446/secrets/DEVICE_TOKEN/versions/2","createTime":"2026-01-11T09:56:06.407412Z","state":"ENABLED","replicationStatus":{"automatic":{}},"etag":"\"164819c46210f4\""}
[debug] [2026-01-11T19:29:07.468Z] Checked if tokens are valid: true, expires at: 1768163338299
[debug] [2026-01-11T19:29:07.468Z] Checked if tokens are valid: true, expires at: 1768163338299
[debug] [2026-01-11T19:29:07.469Z] >>> [apiv2][query] GET https://secretmanager.googleapis.com/v1/projects/wurdemaniot/secrets/THERMOSTAT_TOKEN [none]
[debug] [2026-01-11T19:29:07.584Z] <<< [apiv2][status] GET https://secretmanager.googleapis.com/v1/projects/wurdemaniot/secrets/THERMOSTAT_TOKEN 200
[debug] [2026-01-11T19:29:07.584Z] <<< [apiv2][body] GET https://secretmanager.googleapis.com/v1/projects/wurdemaniot/secrets/THERMOSTAT_TOKEN {"name":"projects/326690015446/secrets/THERMOSTAT_TOKEN","replication":{"automatic":{}},"createTime":"2026-01-11T08:10:21.325147Z","labels":{"firebase-managed":"functions"},"etag":"\"1648184a32284b\""}
[debug] [2026-01-11T19:29:07.584Z] Checked if tokens are valid: true, expires at: 1768163338299
[debug] [2026-01-11T19:29:07.584Z] Checked if tokens are valid: true, expires at: 1768163338299
[debug] [2026-01-11T19:29:07.584Z] >>> [apiv2][query] GET https://secretmanager.googleapis.com/v1/projects/wurdemaniot/secrets/THERMOSTAT_TOKEN/versions/latest [none]
[debug] [2026-01-11T19:29:07.704Z] <<< [apiv2][status] GET https://secretmanager.googleapis.com/v1/projects/wurdemaniot/secrets/THERMOSTAT_TOKEN/versions/latest 200
[debug] [2026-01-11T19:29:07.704Z] <<< [apiv2][body] GET https://secretmanager.googleapis.com/v1/projects/wurdemaniot/secrets/THERMOSTAT_TOKEN/versions/latest {"name":"projects/326690015446/secrets/THERMOSTAT_TOKEN/versions/4","createTime":"2026-01-11T09:55:57.292830Z","state":"ENABLED","replicationStatus":{"automatic":{}},"etag":"\"164819c3d6fd1e\""}
[info] i  functions: preparing functions directory for uploading... 
[info] i  functions: packaged C:\Users\ethan\OneDrive\Documents\GitHub\WurdemanIoT\TrackerPortal\functions (25.32 KB) for uploading 
[debug] [2026-01-11T19:29:07.754Z] Checked if tokens are valid: true, expires at: 1768163338299
[debug] [2026-01-11T19:29:07.754Z] Checked if tokens are valid: true, expires at: 1768163338299
[debug] [2026-01-11T19:29:07.754Z] >>> [apiv2][query] GET https://cloudfunctions.googleapis.com/v1/projects/wurdemaniot/locations/-/functions [none]
[debug] [2026-01-11T19:29:08.296Z] <<< [apiv2][status] GET https://cloudfunctions.googleapis.com/v1/projects/wurdemaniot/locations/-/functions 200
[debug] [2026-01-11T19:29:08.296Z] <<< [apiv2][body] GET https://cloudfunctions.googleapis.com/v1/projects/wurdemaniot/locations/-/functions {}
[debug] [2026-01-11T19:29:08.296Z] Checked if tokens are valid: true, expires at: 1768163338299
[debug] [2026-01-11T19:29:08.296Z] Checked if tokens are valid: true, expires at: 1768163338299
[debug] [2026-01-11T19:29:08.296Z] >>> [apiv2][query] GET https://cloudfunctions.googleapis.com/v2/projects/wurdemaniot/locations/-/functions filter=environment%3D%22GEN_2%22
[debug] [2026-01-11T19:29:08.656Z] <<< [apiv2][status] GET https://cloudfunctions.googleapis.com/v2/projects/wurdemaniot/locations/-/functions 200
[debug] [2026-01-11T19:29:08.656Z] <<< [apiv2][body] GET https://cloudfunctions.googleapis.com/v2/projects/wurdemaniot/locations/-/functions {"functions":[{"name":"projects/wurdemaniot/locations/us-central1/functions/thermostatIngest","buildConfig":{"build":"projects/326690015446/locations/us-central1/builds/a23fd2f5-11e7-45df-8bf6-80e471c96d48","runtime":"nodejs20","entryPoint":"thermostatIngest","source":{"storageSource":{"bucket":"gcf-v2-sources-326690015446-us-central1","object":"thermostatIngest/function-source.zip","generation":"1768156685385493"}},"environmentVariables":{"GOOGLE_NODE_RUN_SCRIPTS":""},"dockerRepository":"projects/wurdemaniot/locations/us-central1/repositories/gcf-artifacts","sourceProvenance":{"resolvedStorageSource":{"bucket":"gcf-v2-sources-326690015446-us-central1","object":"thermostatIngest/function-source.zip","generation":"1768156685385493"}},"dockerRegistry":"ARTIFACT_REGISTRY","serviceAccount":"projects/wurdemaniot/serviceAccounts/326690015446-compute@developer.gserviceaccount.com","automaticUpdatePolicy":{}},"serviceConfig":{"service":"projects/wurdemaniot/locations/us-central1/services/thermostatingest","timeoutSeconds":60,"environmentVariables":{"FIREBASE_CONFIG":"{\"projectId\":\"wurdemaniot\",\"databaseURL\":\"https://wurdemaniot-default-rtdb.firebaseio.com\",\"storageBucket\":\"wurdemaniot.firebasestorage.app\"}","GCLOUD_PROJECT":"wurdemaniot","EVENTARC_CLOUD_EVENT_SOURCE":"projects/wurdemaniot/locations/us-central1/services/thermostatIngest","FUNCTION_TARGET":"thermostatIngest","LOG_EXECUTION_ID":"true"},"maxInstanceCount":12,"ingressSettings":"ALLOW_ALL","uri":"https://thermostatingest-dwoseol4ba-uc.a.run.app","serviceAccountEmail":"326690015446-compute@developer.gserviceaccount.com","availableMemory":"256Mi","allTrafficOnLatestRevision":true,"secretEnvironmentVariables":[{"key":"THERMOSTAT_TOKEN","projectId":"wurdemaniot","secret":"THERMOSTAT_TOKEN","version":"4"}],"revision":"thermostatingest-00007-vid","maxInstanceRequestConcurrency":8,"availableCpu":"1"},"state":"ACTIVE","updateTime":"2026-01-11T18:38:51.755840471Z","labels":{"deployment-tool":"cli-firebase","firebase-functions-hash":"142026e679b786dc8649c7ef431fd2c1ba645033"},"environment":"GEN_2","url":"https://us-central1-wurdemaniot.cloudfunctions.net/thermostatIngest","createTime":"2026-01-11T07:26:15.437090174Z","satisfiesPzi":true},{"name":"projects/wurdemaniot/locations/us-central1/functions/config","buildConfig":{"build":"projects/326690015446/locations/us-central1/builds/a3fc6b43-e3ef-4c4b-9eef-5e758e30554a","runtime":"nodejs20","entryPoint":"config","source":{"storageSource":{"bucket":"gcf-v2-sources-326690015446-us-central1","object":"config/function-source.zip","generation":"1768155807809601"}},"environmentVariables":{"GOOGLE_NODE_RUN_SCRIPTS":""},"dockerRepository":"projects/wurdemaniot/locations/us-central1/repositories/gcf-artifacts","sourceProvenance":{"resolvedStorageSource":{"bucket":"gcf-v2-sources-326690015446-us-central1","object":"config/function-source.zip","generation":"1768155807809601"}},"dockerRegistry":"ARTIFACT_REGISTRY","serviceAccount":"projects/wurdemaniot/serviceAccounts/326690015446-compute@developer.gserviceaccount.com","automaticUpdatePolicy":{}},"serviceConfig":{"service":"projects/wurdemaniot/locations/us-central1/services/config","timeoutSeconds":60,"environmentVariables":{"FIREBASE_CONFIG":"{\"projectId\":\"wurdemaniot\",\"databaseURL\":\"https://wurdemaniot-default-rtdb.firebaseio.com\",\"storageBucket\":\"wurdemaniot.firebasestorage.app\"}","GCLOUD_PROJECT":"wurdemaniot","EVENTARC_CLOUD_EVENT_SOURCE":"projects/wurdemaniot/locations/us-central1/services/config","FUNCTION_TARGET":"config","LOG_EXECUTION_ID":"true"},"maxInstanceCount":12,"ingressSettings":"ALLOW_ALL","uri":"https://config-dwoseol4ba-uc.a.run.app","serviceAccountEmail":"326690015446-compute@developer.gserviceaccount.com","availableMemory":"256Mi","allTrafficOnLatestRevision":true,"secretEnvironmentVariables":[{"key":"DEVICE_TOKEN","projectId":"wurdemaniot","secret":"DEVICE_TOKEN","version":"2"}],"revision":"config-00007-goh","maxInstanceRequestConcurrency":80,"availableCpu":"1"},"state":"ACTIVE","updateTime":"2026-01-11T18:24:16.311250458Z","labels":{"deployment-tool":"cli-firebase","firebase-functions-hash":"0435cacbe867f23aed32c2ebde275e50ee77d206"},"environment":"GEN_2","url":"https://us-central1-wurdemaniot.cloudfunctions.net/config","createTime":"2026-01-06T13:53:49.773752704Z","satisfiesPzi":true},{"name":"projects/wurdemaniot/locations/us-central1/functions/thermostatConfig","buildConfig":{"build":"projects/326690015446/locations/us-central1/builds/5db49dac-eb0e-4125-91b8-248ebfcb520e","runtime":"nodejs20","entryPoint":"thermostatConfig","source":{"storageSource":{"bucket":"gcf-v2-sources-326690015446-us-central1","object":"thermostatConfig/function-source.zip","generation":"1768155807755329"}},"environmentVariables":{"GOOGLE_NODE_RUN_SCRIPTS":""},"dockerRepository":"projects/wurdemaniot/locations/us-central1/repositories/gcf-artifacts","sourceProvenance":{"resolvedStorageSource":{"bucket":"gcf-v2-sources-326690015446-us-central1","object":"thermostatConfig/function-source.zip","generation":"1768155807755329"}},"dockerRegistry":"ARTIFACT_REGISTRY","serviceAccount":"projects/wurdemaniot/serviceAccounts/326690015446-compute@developer.gserviceaccount.com","automaticUpdatePolicy":{}},"serviceConfig":{"service":"projects/wurdemaniot/locations/us-central1/services/thermostatconfig","timeoutSeconds":60,"environmentVariables":{"FIREBASE_CONFIG":"{\"projectId\":\"wurdemaniot\",\"databaseURL\":\"https://wurdemaniot-default-rtdb.firebaseio.com\",\"storageBucket\":\"wurdemaniot.firebasestorage.app\"}","GCLOUD_PROJECT":"wurdemaniot","EVENTARC_CLOUD_EVENT_SOURCE":"projects/wurdemaniot/locations/us-central1/services/thermostatConfig","FUNCTION_TARGET":"thermostatConfig","LOG_EXECUTION_ID":"true"},"maxInstanceCount":12,"ingressSettings":"ALLOW_ALL","uri":"https://thermostatconfig-dwoseol4ba-uc.a.run.app","serviceAccountEmail":"326690015446-compute@developer.gserviceaccount.com","availableMemory":"256Mi","allTrafficOnLatestRevision":true,"secretEnvironmentVariables":[{"key":"THERMOSTAT_TOKEN","projectId":"wurdemaniot","secret":"THERMOSTAT_TOKEN","version":"4"}],"revision":"thermostatconfig-00006-juk","maxInstanceRequestConcurrency":80,"availableCpu":"1"},"state":"ACTIVE","updateTime":"2026-01-11T18:24:19.108342372Z","labels":{"deployment-tool":"cli-firebase","firebase-functions-hash":"2ea46042a579a51c14f8eb75ec85360b4a3607a5"},"environment":"GEN_2","url":"https://us-central1-wurdemaniot.cloudfunctions.net/thermostatConfig","createTime":"2026-01-11T07:26:15.518075645Z","satisfiesPzi":true},{"name":"projects/wurdemaniot/locations/us-central1/functions/ingest","buildConfig":{"build":"projects/326690015446/locations/us-central1/builds/5add9869-3e9b-44d3-8795-af8f4798d7af","runtime":"nodejs20","entryPoint":"ingest","source":{"storageSource":{"bucket":"gcf-v2-sources-326690015446-us-central1","object":"ingest/function-source.zip","generation":"1768116375794773"}},"environmentVariables":{"GOOGLE_NODE_RUN_SCRIPTS":""},"dockerRepository":"projects/wurdemaniot/locations/us-central1/repositories/gcf-artifacts","sourceProvenance":{"resolvedStorageSource":{"bucket":"gcf-v2-sources-326690015446-us-central1","object":"ingest/function-source.zip","generation":"1768116375794773"}},"dockerRegistry":"ARTIFACT_REGISTRY","serviceAccount":"projects/wurdemaniot/serviceAccounts/326690015446-compute@developer.gserviceaccount.com","automaticUpdatePolicy":{}},"serviceConfig":{"service":"projects/wurdemaniot/locations/us-central1/services/ingest","timeoutSeconds":60,"environmentVariables":{"FIREBASE_CONFIG":"{\"projectId\":\"wurdemaniot\",\"databaseURL\":\"https://wurdemaniot-default-rtdb.firebaseio.com\",\"storageBucket\":\"wurdemaniot.firebasestorage.app\"}","GCLOUD_PROJECT":"wurdemaniot","EVENTARC_CLOUD_EVENT_SOURCE":"projects/wurdemaniot/locations/us-central1/services/ingest","FUNCTION_TARGET":"ingest","LOG_EXECUTION_ID":"true","DEVICE_TOKEN":"b7c9e2a41fd64e7d9f13c8a5"},"maxInstanceCount":12,"ingressSettings":"ALLOW_ALL","uri":"https://ingest-dwoseol4ba-uc.a.run.app","serviceAccountEmail":"326690015446-compute@developer.gserviceaccount.com","availableMemory":"256Mi","allTrafficOnLatestRevision":true,"revision":"ingest-00009-win","maxInstanceRequestConcurrency":8,"availableCpu":"1"},"state":"ACTIVE","updateTime":"2026-01-11T07:27:08.090494734Z","labels":{"deployment-tool":"cli-firebase","firebase-functions-hash":"ce8d1156347d46d7f3a582d2b0fef4e1be59edf4"},"environment":"GEN_2","url":"https://us-central1-wurdemaniot.cloudfunctions.net/ingest","createTime":"2026-01-05T03:46:05.081154302Z","satisfiesPzi":true}]}
[info] i  functions: ensuring required API run.googleapis.com is enabled... 
[info] i  functions: ensuring required API eventarc.googleapis.com is enabled... 
[info] i  functions: ensuring required API pubsub.googleapis.com is enabled... 
[info] i  functions: ensuring required API storage.googleapis.com is enabled... 
[info] i  functions: generating the service identity for pubsub.googleapis.com... 
[debug] [2026-01-11T19:29:08.663Z] Checked if tokens are valid: true, expires at: 1768163338299
[debug] [2026-01-11T19:29:08.663Z] Checked if tokens are valid: true, expires at: 1768163338299
[info] i  functions: generating the service identity for eventarc.googleapis.com... 
[debug] [2026-01-11T19:29:08.663Z] Checked if tokens are valid: true, expires at: 1768163338299
[debug] [2026-01-11T19:29:08.663Z] Checked if tokens are valid: true, expires at: 1768163338299
[debug] [2026-01-11T19:29:08.663Z] >>> [apiv2][query] POST https://serviceusage.googleapis.com/v1beta1/projects/326690015446/services/pubsub.googleapis.com:generateServiceIdentity [none]
[debug] [2026-01-11T19:29:08.663Z] >>> [apiv2][(partial)header] POST https://serviceusage.googleapis.com/v1beta1/projects/326690015446/services/pubsub.googleapis.com:generateServiceIdentity x-goog-quota-user=projects/326690015446
[debug] [2026-01-11T19:29:08.663Z] >>> [apiv2][body] POST https://serviceusage.googleapis.com/v1beta1/projects/326690015446/services/pubsub.googleapis.com:generateServiceIdentity {}
[debug] [2026-01-11T19:29:08.664Z] >>> [apiv2][query] POST https://serviceusage.googleapis.com/v1beta1/projects/326690015446/services/eventarc.googleapis.com:generateServiceIdentity [none]
[debug] [2026-01-11T19:29:08.664Z] >>> [apiv2][(partial)header] POST https://serviceusage.googleapis.com/v1beta1/projects/326690015446/services/eventarc.googleapis.com:generateServiceIdentity x-goog-quota-user=projects/326690015446
[debug] [2026-01-11T19:29:08.664Z] >>> [apiv2][body] POST https://serviceusage.googleapis.com/v1beta1/projects/326690015446/services/eventarc.googleapis.com:generateServiceIdentity {}
[debug] [2026-01-11T19:29:09.028Z] <<< [apiv2][status] POST https://serviceusage.googleapis.com/v1beta1/projects/326690015446/services/eventarc.googleapis.com:generateServiceIdentity 200
[debug] [2026-01-11T19:29:09.028Z] <<< [apiv2][body] POST https://serviceusage.googleapis.com/v1beta1/projects/326690015446/services/eventarc.googleapis.com:generateServiceIdentity {"name":"operations/finished.DONE_OPERATION","done":true,"response":{"@type":"type.googleapis.com/google.api.serviceusage.v1beta1.ServiceIdentity","email":"service-326690015446@gcp-sa-eventarc.iam.gserviceaccount.com","uniqueId":"101473904706113487265"}}
[debug] [2026-01-11T19:29:09.065Z] <<< [apiv2][status] POST https://serviceusage.googleapis.com/v1beta1/projects/326690015446/services/pubsub.googleapis.com:generateServiceIdentity 200
[debug] [2026-01-11T19:29:09.065Z] <<< [apiv2][body] POST https://serviceusage.googleapis.com/v1beta1/projects/326690015446/services/pubsub.googleapis.com:generateServiceIdentity {"name":"operations/finished.DONE_OPERATION","done":true,"response":{"@type":"type.googleapis.com/google.api.serviceusage.v1beta1.ServiceIdentity","email":"service-326690015446@gcp-sa-pubsub.iam.gserviceaccount.com","uniqueId":"116063021749518125320"}}
[info] i  functions: ensuring required API secretmanager.googleapis.com is enabled... 
[debug] [2026-01-11T19:29:09.069Z] Checked if tokens are valid: true, expires at: 1768163338299
[debug] [2026-01-11T19:29:09.069Z] Checked if tokens are valid: true, expires at: 1768163338299
[debug] [2026-01-11T19:29:09.069Z] Checked if tokens are valid: true, expires at: 1768163338299
[debug] [2026-01-11T19:29:09.069Z] Checked if tokens are valid: true, expires at: 1768163338299
[debug] [2026-01-11T19:29:09.069Z] >>> [apiv2][query] GET https://secretmanager.googleapis.com/v1/projects/wurdemaniot/secrets/DEVICE_TOKEN/versions/latest [none]
[debug] [2026-01-11T19:29:09.070Z] >>> [apiv2][query] GET https://secretmanager.googleapis.com/v1/projects/wurdemaniot/secrets/THERMOSTAT_TOKEN/versions/latest [none]
[debug] [2026-01-11T19:29:09.189Z] <<< [apiv2][status] GET https://secretmanager.googleapis.com/v1/projects/wurdemaniot/secrets/DEVICE_TOKEN/versions/latest 200
[debug] [2026-01-11T19:29:09.189Z] <<< [apiv2][body] GET https://secretmanager.googleapis.com/v1/projects/wurdemaniot/secrets/DEVICE_TOKEN/versions/latest {"name":"projects/326690015446/secrets/DEVICE_TOKEN/versions/2","createTime":"2026-01-11T09:56:06.407412Z","state":"ENABLED","replicationStatus":{"automatic":{}},"etag":"\"164819c46210f4\""}
[debug] [2026-01-11T19:29:09.189Z] Resolved secret version of DEVICE_TOKEN to 2.
[debug] [2026-01-11T19:29:09.285Z] <<< [apiv2][status] GET https://secretmanager.googleapis.com/v1/projects/wurdemaniot/secrets/THERMOSTAT_TOKEN/versions/latest 200
[debug] [2026-01-11T19:29:09.285Z] <<< [apiv2][body] GET https://secretmanager.googleapis.com/v1/projects/wurdemaniot/secrets/THERMOSTAT_TOKEN/versions/latest {"name":"projects/326690015446/secrets/THERMOSTAT_TOKEN/versions/4","createTime":"2026-01-11T09:55:57.292830Z","state":"ENABLED","replicationStatus":{"automatic":{}},"etag":"\"164819c3d6fd1e\""}
[debug] [2026-01-11T19:29:09.285Z] Resolved secret version of THERMOSTAT_TOKEN to 4.
[debug] [2026-01-11T19:29:09.286Z] Checked if tokens are valid: true, expires at: 1768163338299
[debug] [2026-01-11T19:29:09.286Z] Checked if tokens are valid: true, expires at: 1768163338299
[debug] [2026-01-11T19:29:09.286Z] >>> [apiv2][query] GET https://cloudresourcemanager.googleapis.com/v1/projects/wurdemaniot [none]
[debug] [2026-01-11T19:29:09.375Z] <<< [apiv2][status] GET https://cloudresourcemanager.googleapis.com/v1/projects/wurdemaniot 200
[debug] [2026-01-11T19:29:09.375Z] <<< [apiv2][body] GET https://cloudresourcemanager.googleapis.com/v1/projects/wurdemaniot {"projectNumber":"326690015446","projectId":"wurdemaniot","lifecycleState":"ACTIVE","name":"WurdemanIoT","labels":{"firebase":"enabled","firebase-core":"disabled"},"createTime":"2026-01-05T00:18:45.953950Z"}
[debug] [2026-01-11T19:29:09.375Z] Checked if tokens are valid: true, expires at: 1768163338299
[debug] [2026-01-11T19:29:09.375Z] Checked if tokens are valid: true, expires at: 1768163338299
[debug] [2026-01-11T19:29:09.375Z] >>> [apiv2][query] GET https://compute.googleapis.com/compute/v1/projects/326690015446 [none]
[debug] [2026-01-11T19:29:09.569Z] <<< [apiv2][status] GET https://compute.googleapis.com/compute/v1/projects/326690015446 403
[debug] [2026-01-11T19:29:09.569Z] <<< [apiv2][body] GET https://compute.googleapis.com/compute/v1/projects/326690015446 {"error":{"code":403,"message":"Compute Engine API has not been used in project 326690015446 before or it is disabled. Enable it by visiting https://console.developers.google.com/apis/api/compute.googleapis.com/overview?project=326690015446 then retry. If you enabled this API recently, wait a few minutes for the action to propagate to our systems and retry.","errors":[{"message":"Compute Engine API has not been used in project 326690015446 before or it is disabled. Enable it by visiting https://console.developers.google.com/apis/api/compute.googleapis.com/overview?project=326690015446 then retry. If you enabled this API recently, wait a few minutes for the action to propagate to our systems and retry.","domain":"usageLimits","reason":"accessNotConfigured","extendedHelp":"https://console.developers.google.com"}],"status":"PERMISSION_DENIED","details":[{"@type":"type.googleapis.com/google.rpc.ErrorInfo","reason":"SERVICE_DISABLED","domain":"googleapis.com","metadata":{"activationUrl":"https://console.developers.google.com/apis/api/compute.googleapis.com/overview?project=326690015446","consumer":"projects/326690015446","service":"compute.googleapis.com","containerInfo":"326690015446","serviceTitle":"Compute Engine API"}},{"@type":"type.googleapis.com/google.rpc.LocalizedMessage","locale":"en-US","message":"Compute Engine API has not been used in project 326690015446 before or it is disabled. Enable it by visiting https://console.developers.google.com/apis/api/compute.googleapis.com/overview?project=326690015446 then retry. If you enabled this API recently, wait a few minutes for the action to propagate to our systems and retry."},{"@type":"type.googleapis.com/google.rpc.Help","links":[{"description":"Google developers console API activation","url":"https://console.developers.google.com/apis/api/compute.googleapis.com/overview?project=326690015446"}]}]}}
[debug] [2026-01-11T19:29:09.570Z] unable to look up default compute service account. Falling back to 326690015446-compute@developer.gserviceaccount.com. Error: {"name":"FirebaseError","children":[],"context":{"body":{"error":{"code":403,"message":"Compute Engine API has not been used in project 326690015446 before or it is disabled. Enable it by visiting https://console.developers.google.com/apis/api/compute.googleapis.com/overview?project=326690015446 then retry. If you enabled this API recently, wait a few minutes for the action to propagate to our systems and retry.","errors":[{"message":"Compute Engine API has not been used in project 326690015446 before or it is disabled. Enable it by visiting https://console.developers.google.com/apis/api/compute.googleapis.com/overview?project=326690015446 then retry. If you enabled this API recently, wait a few minutes for the action to propagate to our systems and retry.","domain":"usageLimits","reason":"accessNotConfigured","extendedHelp":"https://console.developers.google.com"}],"status":"PERMISSION_DENIED","details":[{"@type":"type.googleapis.com/google.rpc.ErrorInfo","reason":"SERVICE_DISABLED","domain":"googleapis.com","metadata":{"activationUrl":"https://console.developers.google.com/apis/api/compute.googleapis.com/overview?project=326690015446","consumer":"projects/326690015446","service":"compute.googleapis.com","containerInfo":"326690015446","serviceTitle":"Compute Engine API"}},{"@type":"type.googleapis.com/google.rpc.LocalizedMessage","locale":"en-US","message":"Compute Engine API has not been used in project 326690015446 before or it is disabled. Enable it by visiting https://console.developers.google.com/apis/api/compute.googleapis.com/overview?project=326690015446 then retry. If you enabled this API recently, wait a few minutes for the action to propagate to our systems and retry."},{"@type":"type.googleapis.com/google.rpc.Help","links":[{"description":"Google developers console API activation","url":"https://console.developers.google.com/apis/api/compute.googleapis.com/overview?project=326690015446"}]}]}},"response":{"statusCode":403}},"exit":1,"message":"Request to https://compute.googleapis.com/compute/v1/projects/326690015446 had HTTP Error: 403, Compute Engine API has not been used in project 326690015446 before or it is disabled. Enable it by visiting https://console.developers.google.com/apis/api/compute.googleapis.com/overview?project=326690015446 then retry. If you enabled this API recently, wait a few minutes for the action to propagate to our systems and retry.","status":403}
[debug] [2026-01-11T19:29:09.570Z] Checked if tokens are valid: true, expires at: 1768163338299
[debug] [2026-01-11T19:29:09.570Z] Checked if tokens are valid: true, expires at: 1768163338299
[debug] [2026-01-11T19:29:09.570Z] >>> [apiv2][query] GET https://compute.googleapis.com/compute/v1/projects/326690015446 [none]
[debug] [2026-01-11T19:29:09.646Z] <<< [apiv2][status] GET https://compute.googleapis.com/compute/v1/projects/326690015446 403
[debug] [2026-01-11T19:29:09.646Z] <<< [apiv2][body] GET https://compute.googleapis.com/compute/v1/projects/326690015446 {"error":{"code":403,"message":"Compute Engine API has not been used in project 326690015446 before or it is disabled. Enable it by visiting https://console.developers.google.com/apis/api/compute.googleapis.com/overview?project=326690015446 then retry. If you enabled this API recently, wait a few minutes for the action to propagate to our systems and retry.","errors":[{"message":"Compute Engine API has not been used in project 326690015446 before or it is disabled. Enable it by visiting https://console.developers.google.com/apis/api/compute.googleapis.com/overview?project=326690015446 then retry. If you enabled this API recently, wait a few minutes for the action to propagate to our systems and retry.","domain":"usageLimits","reason":"accessNotConfigured","extendedHelp":"https://console.developers.google.com"}],"status":"PERMISSION_DENIED","details":[{"@type":"type.googleapis.com/google.rpc.ErrorInfo","reason":"SERVICE_DISABLED","domain":"googleapis.com","metadata":{"containerInfo":"326690015446","serviceTitle":"Compute Engine API","activationUrl":"https://console.developers.google.com/apis/api/compute.googleapis.com/overview?project=326690015446","consumer":"projects/326690015446","service":"compute.googleapis.com"}},{"@type":"type.googleapis.com/google.rpc.LocalizedMessage","locale":"en-US","message":"Compute Engine API has not been used in project 326690015446 before or it is disabled. Enable it by visiting https://console.developers.google.com/apis/api/compute.googleapis.com/overview?project=326690015446 then retry. If you enabled this API recently, wait a few minutes for the action to propagate to our systems and retry."},{"@type":"type.googleapis.com/google.rpc.Help","links":[{"description":"Google developers console API activation","url":"https://console.developers.google.com/apis/api/compute.googleapis.com/overview?project=326690015446"}]}]}}
[debug] [2026-01-11T19:29:09.646Z] unable to look up default compute service account. Falling back to 326690015446-compute@developer.gserviceaccount.com. Error: {"name":"FirebaseError","children":[],"context":{"body":{"error":{"code":403,"message":"Compute Engine API has not been used in project 326690015446 before or it is disabled. Enable it by visiting https://console.developers.google.com/apis/api/compute.googleapis.com/overview?project=326690015446 then retry. If you enabled this API recently, wait a few minutes for the action to propagate to our systems and retry.","errors":[{"message":"Compute Engine API has not been used in project 326690015446 before or it is disabled. Enable it by visiting https://console.developers.google.com/apis/api/compute.googleapis.com/overview?project=326690015446 then retry. If you enabled this API recently, wait a few minutes for the action to propagate to our systems and retry.","domain":"usageLimits","reason":"accessNotConfigured","extendedHelp":"https://console.developers.google.com"}],"status":"PERMISSION_DENIED","details":[{"@type":"type.googleapis.com/google.rpc.ErrorInfo","reason":"SERVICE_DISABLED","domain":"googleapis.com","metadata":{"containerInfo":"326690015446","serviceTitle":"Compute Engine API","activationUrl":"https://console.developers.google.com/apis/api/compute.googleapis.com/overview?project=326690015446","consumer":"projects/326690015446","service":"compute.googleapis.com"}},{"@type":"type.googleapis.com/google.rpc.LocalizedMessage","locale":"en-US","message":"Compute Engine API has not been used in project 326690015446 before or it is disabled. Enable it by visiting https://console.developers.google.com/apis/api/compute.googleapis.com/overview?project=326690015446 then retry. If you enabled this API recently, wait a few minutes for the action to propagate to our systems and retry."},{"@type":"type.googleapis.com/google.rpc.Help","links":[{"description":"Google developers console API activation","url":"https://console.developers.google.com/apis/api/compute.googleapis.com/overview?project=326690015446"}]}]}},"response":{"statusCode":403}},"exit":1,"message":"Request to https://compute.googleapis.com/compute/v1/projects/326690015446 had HTTP Error: 403, Compute Engine API has not been used in project 326690015446 before or it is disabled. Enable it by visiting https://console.developers.google.com/apis/api/compute.googleapis.com/overview?project=326690015446 then retry. If you enabled this API recently, wait a few minutes for the action to propagate to our systems and retry.","status":403}
[debug] [2026-01-11T19:29:09.647Z] Checked if tokens are valid: true, expires at: 1768163338299
[debug] [2026-01-11T19:29:09.647Z] Checked if tokens are valid: true, expires at: 1768163338299
[debug] [2026-01-11T19:29:09.647Z] >>> [apiv2][query] GET https://compute.googleapis.com/compute/v1/projects/326690015446 [none]
[debug] [2026-01-11T19:29:09.763Z] <<< [apiv2][status] GET https://compute.googleapis.com/compute/v1/projects/326690015446 403
[debug] [2026-01-11T19:29:09.763Z] <<< [apiv2][body] GET https://compute.googleapis.com/compute/v1/projects/326690015446 {"error":{"code":403,"message":"Compute Engine API has not been used in project 326690015446 before or it is disabled. Enable it by visiting https://console.developers.google.com/apis/api/compute.googleapis.com/overview?project=326690015446 then retry. If you enabled this API recently, wait a few minutes for the action to propagate to our systems and retry.","errors":[{"message":"Compute Engine API has not been used in project 326690015446 before or it is disabled. Enable it by visiting https://console.developers.google.com/apis/api/compute.googleapis.com/overview?project=326690015446 then retry. If you enabled this API recently, wait a few minutes for the action to propagate to our systems and retry.","domain":"usageLimits","reason":"accessNotConfigured","extendedHelp":"https://console.developers.google.com"}],"status":"PERMISSION_DENIED","details":[{"@type":"type.googleapis.com/google.rpc.ErrorInfo","reason":"SERVICE_DISABLED","domain":"googleapis.com","metadata":{"service":"compute.googleapis.com","activationUrl":"https://console.developers.google.com/apis/api/compute.googleapis.com/overview?project=326690015446","containerInfo":"326690015446","serviceTitle":"Compute Engine API","consumer":"projects/326690015446"}},{"@type":"type.googleapis.com/google.rpc.LocalizedMessage","locale":"en-US","message":"Compute Engine API has not been used in project 326690015446 before or it is disabled. Enable it by visiting https://console.developers.google.com/apis/api/compute.googleapis.com/overview?project=326690015446 then retry. If you enabled this API recently, wait a few minutes for the action to propagate to our systems and retry."},{"@type":"type.googleapis.com/google.rpc.Help","links":[{"description":"Google developers console API activation","url":"https://console.developers.google.com/apis/api/compute.googleapis.com/overview?project=326690015446"}]}]}}
[debug] [2026-01-11T19:29:09.763Z] unable to look up default compute service account. Falling back to 326690015446-compute@developer.gserviceaccount.com. Error: {"name":"FirebaseError","children":[],"context":{"body":{"error":{"code":403,"message":"Compute Engine API has not been used in project 326690015446 before or it is disabled. Enable it by visiting https://console.developers.google.com/apis/api/compute.googleapis.com/overview?project=326690015446 then retry. If you enabled this API recently, wait a few minutes for the action to propagate to our systems and retry.","errors":[{"message":"Compute Engine API has not been used in project 326690015446 before or it is disabled. Enable it by visiting https://console.developers.google.com/apis/api/compute.googleapis.com/overview?project=326690015446 then retry. If you enabled this API recently, wait a few minutes for the action to propagate to our systems and retry.","domain":"usageLimits","reason":"accessNotConfigured","extendedHelp":"https://console.developers.google.com"}],"status":"PERMISSION_DENIED","details":[{"@type":"type.googleapis.com/google.rpc.ErrorInfo","reason":"SERVICE_DISABLED","domain":"googleapis.com","metadata":{"service":"compute.googleapis.com","activationUrl":"https://console.developers.google.com/apis/api/compute.googleapis.com/overview?project=326690015446","containerInfo":"326690015446","serviceTitle":"Compute Engine API","consumer":"projects/326690015446"}},{"@type":"type.googleapis.com/google.rpc.LocalizedMessage","locale":"en-US","message":"Compute Engine API has not been used in project 326690015446 before or it is disabled. Enable it by visiting https://console.developers.google.com/apis/api/compute.googleapis.com/overview?project=326690015446 then retry. If you enabled this API recently, wait a few minutes for the action to propagate to our systems and retry."},{"@type":"type.googleapis.com/google.rpc.Help","links":[{"description":"Google developers console API activation","url":"https://console.developers.google.com/apis/api/compute.googleapis.com/overview?project=326690015446"}]}]}},"response":{"statusCode":403}},"exit":1,"message":"Request to https://compute.googleapis.com/compute/v1/projects/326690015446 had HTTP Error: 403, Compute Engine API has not been used in project 326690015446 before or it is disabled. Enable it by visiting https://console.developers.google.com/apis/api/compute.googleapis.com/overview?project=326690015446 then retry. If you enabled this API recently, wait a few minutes for the action to propagate to our systems and retry.","status":403}
[debug] [2026-01-11T19:29:09.763Z] Checked if tokens are valid: true, expires at: 1768163338299
[debug] [2026-01-11T19:29:09.763Z] Checked if tokens are valid: true, expires at: 1768163338299
[debug] [2026-01-11T19:29:09.763Z] >>> [apiv2][query] GET https://compute.googleapis.com/compute/v1/projects/326690015446 [none]
[debug] [2026-01-11T19:29:09.858Z] <<< [apiv2][status] GET https://compute.googleapis.com/compute/v1/projects/326690015446 403
[debug] [2026-01-11T19:29:09.858Z] <<< [apiv2][body] GET https://compute.googleapis.com/compute/v1/projects/326690015446 {"error":{"code":403,"message":"Compute Engine API has not been used in project 326690015446 before or it is disabled. Enable it by visiting https://console.developers.google.com/apis/api/compute.googleapis.com/overview?project=326690015446 then retry. If you enabled this API recently, wait a few minutes for the action to propagate to our systems and retry.","errors":[{"message":"Compute Engine API has not been used in project 326690015446 before or it is disabled. Enable it by visiting https://console.developers.google.com/apis/api/compute.googleapis.com/overview?project=326690015446 then retry. If you enabled this API recently, wait a few minutes for the action to propagate to our systems and retry.","domain":"usageLimits","reason":"accessNotConfigured","extendedHelp":"https://console.developers.google.com"}],"status":"PERMISSION_DENIED","details":[{"@type":"type.googleapis.com/google.rpc.ErrorInfo","reason":"SERVICE_DISABLED","domain":"googleapis.com","metadata":{"serviceTitle":"Compute Engine API","service":"compute.googleapis.com","consumer":"projects/326690015446","activationUrl":"https://console.developers.google.com/apis/api/compute.googleapis.com/overview?project=326690015446","containerInfo":"326690015446"}},{"@type":"type.googleapis.com/google.rpc.LocalizedMessage","locale":"en-US","message":"Compute Engine API has not been used in project 326690015446 before or it is disabled. Enable it by visiting https://console.developers.google.com/apis/api/compute.googleapis.com/overview?project=326690015446 then retry. If you enabled this API recently, wait a few minutes for the action to propagate to our systems and retry."},{"@type":"type.googleapis.com/google.rpc.Help","links":[{"description":"Google developers console API activation","url":"https://console.developers.google.com/apis/api/compute.googleapis.com/overview?project=326690015446"}]}]}}
[debug] [2026-01-11T19:29:09.858Z] unable to look up default compute service account. Falling back to 326690015446-compute@developer.gserviceaccount.com. Error: {"name":"FirebaseError","children":[],"context":{"body":{"error":{"code":403,"message":"Compute Engine API has not been used in project 326690015446 before or it is disabled. Enable it by visiting https://console.developers.google.com/apis/api/compute.googleapis.com/overview?project=326690015446 then retry. If you enabled this API recently, wait a few minutes for the action to propagate to our systems and retry.","errors":[{"message":"Compute Engine API has not been used in project 326690015446 before or it is disabled. Enable it by visiting https://console.developers.google.com/apis/api/compute.googleapis.com/overview?project=326690015446 then retry. If you enabled this API recently, wait a few minutes for the action to propagate to our systems and retry.","domain":"usageLimits","reason":"accessNotConfigured","extendedHelp":"https://console.developers.google.com"}],"status":"PERMISSION_DENIED","details":[{"@type":"type.googleapis.com/google.rpc.ErrorInfo","reason":"SERVICE_DISABLED","domain":"googleapis.com","metadata":{"serviceTitle":"Compute Engine API","service":"compute.googleapis.com","consumer":"projects/326690015446","activationUrl":"https://console.developers.google.com/apis/api/compute.googleapis.com/overview?project=326690015446","containerInfo":"326690015446"}},{"@type":"type.googleapis.com/google.rpc.LocalizedMessage","locale":"en-US","message":"Compute Engine API has not been used in project 326690015446 before or it is disabled. Enable it by visiting https://console.developers.google.com/apis/api/compute.googleapis.com/overview?project=326690015446 then retry. If you enabled this API recently, wait a few minutes for the action to propagate to our systems and retry."},{"@type":"type.googleapis.com/google.rpc.Help","links":[{"description":"Google developers console API activation","url":"https://console.developers.google.com/apis/api/compute.googleapis.com/overview?project=326690015446"}]}]}},"response":{"statusCode":403}},"exit":1,"message":"Request to https://compute.googleapis.com/compute/v1/projects/326690015446 had HTTP Error: 403, Compute Engine API has not been used in project 326690015446 before or it is disabled. Enable it by visiting https://console.developers.google.com/apis/api/compute.googleapis.com/overview?project=326690015446 then retry. If you enabled this API recently, wait a few minutes for the action to propagate to our systems and retry.","status":403}
[debug] [2026-01-11T19:29:09.861Z] Checked if tokens are valid: true, expires at: 1768163338299
[debug] [2026-01-11T19:29:09.862Z] Checked if tokens are valid: true, expires at: 1768163338299
[debug] [2026-01-11T19:29:09.862Z] >>> [apiv2][query] POST https://firebasehosting.googleapis.com/v1beta1/projects/-/sites/wurdemaniot/versions [none]
[debug] [2026-01-11T19:29:09.862Z] >>> [apiv2][body] POST https://firebasehosting.googleapis.com/v1beta1/projects/-/sites/wurdemaniot/versions {"status":"CREATED","labels":{"deployment-tool":"cli-firebase"}}
[debug] [2026-01-11T19:29:10.479Z] <<< [apiv2][status] POST https://firebasehosting.googleapis.com/v1beta1/projects/-/sites/wurdemaniot/versions 200
[debug] [2026-01-11T19:29:10.479Z] <<< [apiv2][body] POST https://firebasehosting.googleapis.com/v1beta1/projects/-/sites/wurdemaniot/versions {"name":"projects/326690015446/sites/wurdemaniot/versions/0a66d6eee8788dca","status":"CREATED","config":{},"labels":{"deployment-tool":"cli-firebase"}}
[debug] [2026-01-11T19:29:10.479Z] Checked if tokens are valid: true, expires at: 1768163338299
[debug] [2026-01-11T19:29:10.480Z] Checked if tokens are valid: true, expires at: 1768163338299
[debug] [2026-01-11T19:29:10.480Z] >>> [apiv2][query] GET https://cloudbilling.googleapis.com/v1/projects/wurdemaniot/billingInfo [none]
[debug] [2026-01-11T19:29:10.688Z] <<< [apiv2][status] GET https://cloudbilling.googleapis.com/v1/projects/wurdemaniot/billingInfo 200
[debug] [2026-01-11T19:29:10.688Z] <<< [apiv2][body] GET https://cloudbilling.googleapis.com/v1/projects/wurdemaniot/billingInfo {"name":"projects/wurdemaniot/billingInfo","projectId":"wurdemaniot","billingAccountName":"billingAccounts/011997-1A0A74-AC40C9","billingEnabled":true}
[debug] [2026-01-11T19:29:10.691Z] Checked if tokens are valid: true, expires at: 1768163338299
[debug] [2026-01-11T19:29:10.691Z] Checked if tokens are valid: true, expires at: 1768163338299
[debug] [2026-01-11T19:29:10.691Z] >>> [apiv2][query] POST https://cloudfunctions.googleapis.com/v2/projects/wurdemaniot/locations/us-central1/functions:generateUploadUrl [none]
[debug] [2026-01-11T19:29:11.485Z] <<< [apiv2][status] POST https://cloudfunctions.googleapis.com/v2/projects/wurdemaniot/locations/us-central1/functions:generateUploadUrl 200
[debug] [2026-01-11T19:29:11.485Z] <<< [apiv2][body] POST https://cloudfunctions.googleapis.com/v2/projects/wurdemaniot/locations/us-central1/functions:generateUploadUrl {"uploadUrl":"https://storage.googleapis.com/gcf-v2-uploads-326690015446.us-central1.cloudfunctions.appspot.com/830daf0a-afee-4c37-be38-d3a063609239.zip?GoogleAccessId=service-326690015446@gcf-admin-robot.iam.gserviceaccount.com&Expires=1768161551&Signature=hJ3by%2BNqVs7zqJFkCgm8QrXuGDzQVWxvPQXjsPV5BKEFdGYOYI9wIBULg8PQATdVXQbKVcuJ6b%2Bdrrdvbo9NbqmY2UhjNc1O0tm0%2FNlOFBOWvu2rAyXEuDOo6GtIe2yj6f9HoNIExHLv177pHQsxZRy8HjIYMJEY29%2BdJ02rC0lEyHRsFxjnnWTsJFdTamLhaLqtjf7we4reGkojIg2MmDiW71XuZfHSny0tP0wCzdY59EWls9yf%2ByQfMRNXMsOWbHVm2pZjONmfps1h9o4CifRQApHniApBP%2Ft0oIEU9V%2FASo02%2BHPgKMdgBB8pxEjOJapRDQ56C1AQ9AbJiDAzBQ%3D%3D","storageSource":{"bucket":"gcf-v2-uploads-326690015446.us-central1.cloudfunctions.appspot.com","object":"830daf0a-afee-4c37-be38-d3a063609239.zip"}}
[debug] [2026-01-11T19:29:11.486Z] >>> [apiv2][query] PUT https://storage.googleapis.com/gcf-v2-uploads-326690015446.us-central1.cloudfunctions.appspot.com/830daf0a-afee-4c37-be38-d3a063609239.zip GoogleAccessId=service-326690015446%40gcf-admin-robot.iam.gserviceaccount.com&Expires=1768161551&Signature=hJ3by%2BNqVs7zqJFkCgm8QrXuGDzQVWxvPQXjsPV5BKEFdGYOYI9wIBULg8PQATdVXQbKVcuJ6b%2Bdrrdvbo9NbqmY2UhjNc1O0tm0%2FNlOFBOWvu2rAyXEuDOo6GtIe2yj6f9HoNIExHLv177pHQsxZRy8HjIYMJEY29%2BdJ02rC0lEyHRsFxjnnWTsJFdTamLhaLqtjf7we4reGkojIg2MmDiW71XuZfHSny0tP0wCzdY59EWls9yf%2ByQfMRNXMsOWbHVm2pZjONmfps1h9o4CifRQApHniApBP%2Ft0oIEU9V%2FASo02%2BHPgKMdgBB8pxEjOJapRDQ56C1AQ9AbJiDAzBQ%3D%3D
[debug] [2026-01-11T19:29:11.486Z] >>> [apiv2][body] PUT https://storage.googleapis.com/gcf-v2-uploads-326690015446.us-central1.cloudfunctions.appspot.com/830daf0a-afee-4c37-be38-d3a063609239.zip [stream]
[debug] [2026-01-11T19:29:11.859Z] <<< [apiv2][status] PUT https://storage.googleapis.com/gcf-v2-uploads-326690015446.us-central1.cloudfunctions.appspot.com/830daf0a-afee-4c37-be38-d3a063609239.zip 200
[debug] [2026-01-11T19:29:11.859Z] <<< [apiv2][body] PUT https://storage.googleapis.com/gcf-v2-uploads-326690015446.us-central1.cloudfunctions.appspot.com/830daf0a-afee-4c37-be38-d3a063609239.zip [omitted]
[info] +  functions: functions source uploaded successfully 
[info] i  hosting[wurdemaniot]: beginning deploy... 
[info] i  hosting[wurdemaniot]: found 4 files in public 
[debug] [2026-01-11T19:29:11.873Z] [hosting] uploading with 200 concurrency
[debug] [2026-01-11T19:29:11.876Z] Checked if tokens are valid: true, expires at: 1768163338299
[debug] [2026-01-11T19:29:11.876Z] Checked if tokens are valid: true, expires at: 1768163338299
[debug] [2026-01-11T19:29:11.877Z] [hosting] hash cache [cHVibGlj] stored for 4 files
[debug] [2026-01-11T19:29:11.877Z] [hosting][hash queue][FINAL] {"max":0,"min":0,"avg":0,"active":0,"complete":4,"success":4,"errored":0,"retried":0,"total":4,"elapsed":2}
[debug] [2026-01-11T19:29:11.877Z] >>> [apiv2][query] POST https://firebasehosting.googleapis.com/v1beta1/projects/326690015446/sites/wurdemaniot/versions/0a66d6eee8788dca:populateFiles [none]
[debug] [2026-01-11T19:29:11.878Z] >>> [apiv2][body] POST https://firebasehosting.googleapis.com/v1beta1/projects/326690015446/sites/wurdemaniot/versions/0a66d6eee8788dca:populateFiles {"files":{"/styles.css":"f046e697ceb053540b3a14d34a50496cbc4cac5d3046f1ba7973b3631e6a4ec0","/index.html":"4a0fee15bf5a3d91f078f7a998cdfb1dc3291b7ff7f5e3f5530036da352ec172\r","/firebase-config.js":"7d6894169b5a8cad2201ecafa8e2df13adb134f16631b8d9e4b10f039b159462","/app.js":"218a1c39dfd889adb9d2a3d9500dd7ed484ab3fe09bd0391f792443ad32bb70d"}}
[debug] [2026-01-11T19:29:12.071Z] <<< [apiv2][status] POST https://firebasehosting.googleapis.com/v1beta1/projects/326690015446/sites/wurdemaniot/versions/0a66d6eee8788dca:populateFiles 200
[debug] [2026-01-11T19:29:12.071Z] <<< [apiv2][body] POST https://firebasehosting.googleapis.com/v1beta1/projects/326690015446/sites/wurdemaniot/versions/0a66d6eee8788dca:populateFiles {"uploadUrl":"https://upload-firebasehosting.googleapis.com/upload/sites/wurdemaniot/versions/0a66d6eee8788dca/files"}
[debug] [2026-01-11T19:29:12.072Z] [hosting][populate queue][FINAL] {"max":196,"min":196,"avg":196,"active":0,"complete":1,"success":1,"errored":0,"retried":0,"total":1,"elapsed":196}
[debug] [2026-01-11T19:29:12.072Z] [hosting] uploads queued: 0
[debug] [2026-01-11T19:29:12.072Z] [hosting][upload queue][FINAL] {"max":0,"min":9999999999,"avg":0,"active":0,"complete":0,"success":0,"errored":0,"retried":0,"total":0,"elapsed":1768159752072}
[info] +  hosting[wurdemaniot]: file upload complete 
[debug] [2026-01-11T19:29:12.073Z] [hosting] deploy completed after 211ms
[info] i  functions: Skipping the deploy of unchanged functions. 
[info] +  functions[thermostatIngest(us-central1)] Skipped (No changes detected) 
[info] i  functions: updating Node.js 20 (2nd Gen) function ingest(us-central1)... 
[debug] [2026-01-11T19:29:12.078Z] Checked if tokens are valid: true, expires at: 1768163338299
[debug] [2026-01-11T19:29:12.078Z] Checked if tokens are valid: true, expires at: 1768163338299
[info] i  functions: updating Node.js 20 (2nd Gen) function config(us-central1)... 
[debug] [2026-01-11T19:29:12.079Z] Checked if tokens are valid: true, expires at: 1768163338299
[debug] [2026-01-11T19:29:12.079Z] Checked if tokens are valid: true, expires at: 1768163338299
[info] i  functions: updating Node.js 20 (2nd Gen) function thermostatConfig(us-central1)... 
[debug] [2026-01-11T19:29:12.079Z] Checked if tokens are valid: true, expires at: 1768163338299
[debug] [2026-01-11T19:29:12.079Z] Checked if tokens are valid: true, expires at: 1768163338299
[debug] [2026-01-11T19:29:12.079Z] >>> [apiv2][query] PATCH https://cloudfunctions.googleapis.com/v2/projects/wurdemaniot/locations/us-central1/functions/ingest updateMask=name%2CbuildConfig.runtime%2CbuildConfig.entryPoint%2CbuildConfig.source.storageSource.bucket%2CbuildConfig.source.storageSource.object%2CbuildConfig.environmentVariables%2CserviceConfig.environmentVariables%2CserviceConfig.secretEnvironmentVariables%2CserviceConfig.ingressSettings%2CserviceConfig.timeoutSeconds%2CserviceConfig.serviceAccountEmail%2CserviceConfig.availableMemory%2CserviceConfig.minInstanceCount%2CserviceConfig.maxInstanceCount%2CserviceConfig.maxInstanceRequestConcurrency%2CserviceConfig.availableCpu%2CserviceConfig.vpcConnector%2CserviceConfig.vpcConnectorEgressSettings%2Clabels
[debug] [2026-01-11T19:29:12.079Z] >>> [apiv2][body] PATCH https://cloudfunctions.googleapis.com/v2/projects/wurdemaniot/locations/us-central1/functions/ingest {"name":"projects/wurdemaniot/locations/us-central1/functions/ingest","buildConfig":{"runtime":"nodejs20","entryPoint":"ingest","source":{"storageSource":{"bucket":"gcf-v2-uploads-326690015446.us-central1.cloudfunctions.appspot.com","object":"830daf0a-afee-4c37-be38-d3a063609239.zip"}},"environmentVariables":{"GOOGLE_NODE_RUN_SCRIPTS":""}},"serviceConfig":{"environmentVariables":{"FIREBASE_CONFIG":"{\"projectId\":\"wurdemaniot\",\"databaseURL\":\"https://wurdemaniot-default-rtdb.firebaseio.com\",\"storageBucket\":\"wurdemaniot.firebasestorage.app\"}","GCLOUD_PROJECT":"wurdemaniot","EVENTARC_CLOUD_EVENT_SOURCE":"projects/wurdemaniot/locations/us-central1/services/ingest","FUNCTION_TARGET":"ingest","LOG_EXECUTION_ID":"true","DEVICE_TOKEN":"b7c9e2a41fd64e7d9f13c8a5"},"secretEnvironmentVariables":[{"key":"DEVICE_TOKEN","secret":"DEVICE_TOKEN","projectId":"wurdemaniot","version":"2"}],"ingressSettings":null,"timeoutSeconds":null,"serviceAccountEmail":null,"availableMemory":"256Mi","minInstanceCount":null,"maxInstanceCount":null,"maxInstanceRequestConcurrency":8,"availableCpu":"1","vpcConnector":null,"vpcConnectorEgressSettings":null},"labels":{"deployment-tool":"cli-firebase","firebase-functions-hash":"8923e5e52e58d5b3f9b668a0f4eb02d223fd96b5"}}
[debug] [2026-01-11T19:29:12.080Z] >>> [apiv2][query] PATCH https://cloudfunctions.googleapis.com/v2/projects/wurdemaniot/locations/us-central1/functions/config updateMask=name%2CbuildConfig.runtime%2CbuildConfig.entryPoint%2CbuildConfig.source.storageSource.bucket%2CbuildConfig.source.storageSource.object%2CbuildConfig.environmentVariables%2CserviceConfig.environmentVariables%2CserviceConfig.secretEnvironmentVariables%2CserviceConfig.ingressSettings%2CserviceConfig.timeoutSeconds%2CserviceConfig.serviceAccountEmail%2CserviceConfig.availableMemory%2CserviceConfig.minInstanceCount%2CserviceConfig.maxInstanceCount%2CserviceConfig.maxInstanceRequestConcurrency%2CserviceConfig.availableCpu%2CserviceConfig.vpcConnector%2CserviceConfig.vpcConnectorEgressSettings%2Clabels
[debug] [2026-01-11T19:29:12.080Z] >>> [apiv2][body] PATCH https://cloudfunctions.googleapis.com/v2/projects/wurdemaniot/locations/us-central1/functions/config {"name":"projects/wurdemaniot/locations/us-central1/functions/config","buildConfig":{"runtime":"nodejs20","entryPoint":"config","source":{"storageSource":{"bucket":"gcf-v2-uploads-326690015446.us-central1.cloudfunctions.appspot.com","object":"830daf0a-afee-4c37-be38-d3a063609239.zip"}},"environmentVariables":{"GOOGLE_NODE_RUN_SCRIPTS":""}},"serviceConfig":{"environmentVariables":{"FIREBASE_CONFIG":"{\"projectId\":\"wurdemaniot\",\"databaseURL\":\"https://wurdemaniot-default-rtdb.firebaseio.com\",\"storageBucket\":\"wurdemaniot.firebasestorage.app\"}","GCLOUD_PROJECT":"wurdemaniot","EVENTARC_CLOUD_EVENT_SOURCE":"projects/wurdemaniot/locations/us-central1/services/config","FUNCTION_TARGET":"config","LOG_EXECUTION_ID":"true"},"secretEnvironmentVariables":[{"key":"DEVICE_TOKEN","secret":"DEVICE_TOKEN","projectId":"wurdemaniot","version":"2"}],"ingressSettings":null,"timeoutSeconds":null,"serviceAccountEmail":null,"availableMemory":"256Mi","minInstanceCount":null,"maxInstanceCount":null,"maxInstanceRequestConcurrency":80,"availableCpu":"1","vpcConnector":null,"vpcConnectorEgressSettings":null},"labels":{"deployment-tool":"cli-firebase","firebase-functions-hash":"8923e5e52e58d5b3f9b668a0f4eb02d223fd96b5"}}
[debug] [2026-01-11T19:29:12.082Z] >>> [apiv2][query] PATCH https://cloudfunctions.googleapis.com/v2/projects/wurdemaniot/locations/us-central1/functions/thermostatConfig updateMask=name%2CbuildConfig.runtime%2CbuildConfig.entryPoint%2CbuildConfig.source.storageSource.bucket%2CbuildConfig.source.storageSource.object%2CbuildConfig.environmentVariables%2CserviceConfig.environmentVariables%2CserviceConfig.secretEnvironmentVariables%2CserviceConfig.ingressSettings%2CserviceConfig.timeoutSeconds%2CserviceConfig.serviceAccountEmail%2CserviceConfig.availableMemory%2CserviceConfig.minInstanceCount%2CserviceConfig.maxInstanceCount%2CserviceConfig.maxInstanceRequestConcurrency%2CserviceConfig.availableCpu%2CserviceConfig.vpcConnector%2CserviceConfig.vpcConnectorEgressSettings%2Clabels
[debug] [2026-01-11T19:29:12.082Z] >>> [apiv2][body] PATCH https://cloudfunctions.googleapis.com/v2/projects/wurdemaniot/locations/us-central1/functions/thermostatConfig {"name":"projects/wurdemaniot/locations/us-central1/functions/thermostatConfig","buildConfig":{"runtime":"nodejs20","entryPoint":"thermostatConfig","source":{"storageSource":{"bucket":"gcf-v2-uploads-326690015446.us-central1.cloudfunctions.appspot.com","object":"830daf0a-afee-4c37-be38-d3a063609239.zip"}},"environmentVariables":{"GOOGLE_NODE_RUN_SCRIPTS":""}},"serviceConfig":{"environmentVariables":{"FIREBASE_CONFIG":"{\"projectId\":\"wurdemaniot\",\"databaseURL\":\"https://wurdemaniot-default-rtdb.firebaseio.com\",\"storageBucket\":\"wurdemaniot.firebasestorage.app\"}","GCLOUD_PROJECT":"wurdemaniot","EVENTARC_CLOUD_EVENT_SOURCE":"projects/wurdemaniot/locations/us-central1/services/thermostatConfig","FUNCTION_TARGET":"thermostatConfig","LOG_EXECUTION_ID":"true"},"secretEnvironmentVariables":[{"key":"THERMOSTAT_TOKEN","secret":"THERMOSTAT_TOKEN","projectId":"wurdemaniot","version":"4"}],"ingressSettings":null,"timeoutSeconds":null,"serviceAccountEmail":null,"availableMemory":"256Mi","minInstanceCount":null,"maxInstanceCount":null,"maxInstanceRequestConcurrency":80,"availableCpu":"1","vpcConnector":null,"vpcConnectorEgressSettings":null},"labels":{"deployment-tool":"cli-firebase","firebase-functions-hash":"142026e679b786dc8649c7ef431fd2c1ba645033"}}
[debug] [2026-01-11T19:29:12.519Z] <<< [apiv2][status] PATCH https://cloudfunctions.googleapis.com/v2/projects/wurdemaniot/locations/us-central1/functions/ingest 400
[debug] [2026-01-11T19:29:12.519Z] <<< [apiv2][body] PATCH https://cloudfunctions.googleapis.com/v2/projects/wurdemaniot/locations/us-central1/functions/ingest {"error":{"code":400,"message":"Could not update Cloud Run service projects/wurdemaniot/locations/us-central1/services/ingest. spec.template.spec.containers[0].env: Secret environment variable overlaps non secret environment variable: DEVICE_TOKEN","status":"INVALID_ARGUMENT"}}
[warn] !  functions: Request to https://cloudfunctions.googleapis.com/v2/projects/wurdemaniot/locations/us-central1/functions/ingest?updateMask=name%2CbuildConfig.runtime%2CbuildConfig.entryPoint%2CbuildConfig.source.storageSource.bucket%2CbuildConfig.source.storageSource.object%2CbuildConfig.environmentVariables%2CserviceConfig.environmentVariables%2CserviceConfig.secretEnvironmentVariables%2CserviceConfig.ingressSettings%2CserviceConfig.timeoutSeconds%2CserviceConfig.serviceAccountEmail%2CserviceConfig.availableMemory%2CserviceConfig.minInstanceCount%2CserviceConfig.maxInstanceCount%2CserviceConfig.maxInstanceRequestConcurrency%2CserviceConfig.availableCpu%2CserviceConfig.vpcConnector%2CserviceConfig.vpcConnectorEgressSettings%2Clabels had HTTP Error: 400, Could not update Cloud Run service projects/wurdemaniot/locations/us-central1/services/ingest. spec.template.spec.containers[0].env: Secret environment variable overlaps non secret environment variable: DEVICE_TOKEN 
[warn] !  functions:  failed to update function projects/wurdemaniot/locations/us-central1/functions/ingest 
[error] Failed to update function projects/wurdemaniot/locations/us-central1/functions/ingest
[debug] [2026-01-11T19:29:12.856Z] <<< [apiv2][status] PATCH https://cloudfunctions.googleapis.com/v2/projects/wurdemaniot/locations/us-central1/functions/config 200
[debug] [2026-01-11T19:29:12.856Z] <<< [apiv2][body] PATCH https://cloudfunctions.googleapis.com/v2/projects/wurdemaniot/locations/us-central1/functions/config {"name":"projects/wurdemaniot/locations/us-central1/operations/operation-1768159752390-64821c5f28802-ea7eda5e-08373653","metadata":{"@type":"type.googleapis.com/google.cloud.functions.v2.OperationMetadata","createTime":"2026-01-11T19:29:13.014198627Z","target":"projects/wurdemaniot/locations/us-central1/functions/config","verb":"update","cancelRequested":false,"apiVersion":"v2"},"done":false}
[debug] [2026-01-11T19:29:12.856Z] Checked if tokens are valid: true, expires at: 1768163338299
[debug] [2026-01-11T19:29:12.856Z] Checked if tokens are valid: true, expires at: 1768163338299
[debug] [2026-01-11T19:29:12.856Z] >>> [apiv2][query] GET https://cloudfunctions.googleapis.com/v2/projects/wurdemaniot/locations/us-central1/operations/operation-1768159752390-64821c5f28802-ea7eda5e-08373653 [none]
[debug] [2026-01-11T19:29:12.942Z] <<< [apiv2][status] GET https://cloudfunctions.googleapis.com/v2/projects/wurdemaniot/locations/us-central1/operations/operation-1768159752390-64821c5f28802-ea7eda5e-08373653 200
[debug] [2026-01-11T19:29:12.942Z] <<< [apiv2][body] GET https://cloudfunctions.googleapis.com/v2/projects/wurdemaniot/locations/us-central1/operations/operation-1768159752390-64821c5f28802-ea7eda5e-08373653 {"name":"projects/wurdemaniot/locations/us-central1/operations/operation-1768159752390-64821c5f28802-ea7eda5e-08373653","metadata":{"@type":"type.googleapis.com/google.cloud.functions.v2.OperationMetadata","createTime":"2026-01-11T19:29:13.014198627Z","target":"projects/wurdemaniot/locations/us-central1/functions/config","verb":"update","cancelRequested":false,"apiVersion":"v2"},"done":false}
[debug] [2026-01-11T19:29:13.045Z] <<< [apiv2][status] PATCH https://cloudfunctions.googleapis.com/v2/projects/wurdemaniot/locations/us-central1/functions/thermostatConfig 200
[debug] [2026-01-11T19:29:13.045Z] <<< [apiv2][body] PATCH https://cloudfunctions.googleapis.com/v2/projects/wurdemaniot/locations/us-central1/functions/thermostatConfig {"name":"projects/wurdemaniot/locations/us-central1/operations/operation-1768159752393-64821c5f291f3-617ccb48-bbefe526","metadata":{"@type":"type.googleapis.com/google.cloud.functions.v2.OperationMetadata","createTime":"2026-01-11T19:29:13.196850831Z","target":"projects/wurdemaniot/locations/us-central1/functions/thermostatConfig","verb":"update","cancelRequested":false,"apiVersion":"v2"},"done":false}
[debug] [2026-01-11T19:29:13.045Z] Checked if tokens are valid: true, expires at: 1768163338299
[debug] [2026-01-11T19:29:13.045Z] Checked if tokens are valid: true, expires at: 1768163338299
[debug] [2026-01-11T19:29:13.045Z] >>> [apiv2][query] GET https://cloudfunctions.googleapis.com/v2/projects/wurdemaniot/locations/us-central1/operations/operation-1768159752393-64821c5f291f3-617ccb48-bbefe526 [none]
[debug] [2026-01-11T19:29:13.121Z] <<< [apiv2][status] GET https://cloudfunctions.googleapis.com/v2/projects/wurdemaniot/locations/us-central1/operations/operation-1768159752393-64821c5f291f3-617ccb48-bbefe526 200
[debug] [2026-01-11T19:29:13.122Z] <<< [apiv2][body] GET https://cloudfunctions.googleapis.com/v2/projects/wurdemaniot/locations/us-central1/operations/operation-1768159752393-64821c5f291f3-617ccb48-bbefe526 {"name":"projects/wurdemaniot/locations/us-central1/operations/operation-1768159752393-64821c5f291f3-617ccb48-bbefe526","metadata":{"@type":"type.googleapis.com/google.cloud.functions.v2.OperationMetadata","createTime":"2026-01-11T19:29:13.196850831Z","target":"projects/wurdemaniot/locations/us-central1/functions/thermostatConfig","verb":"update","cancelRequested":false,"apiVersion":"v2"},"done":false}
[debug] [2026-01-11T19:29:13.452Z] [update-default-us-central1-config] Retrying task index 0
[debug] [2026-01-11T19:29:13.452Z] Checked if tokens are valid: true, expires at: 1768163338299
[debug] [2026-01-11T19:29:13.452Z] Checked if tokens are valid: true, expires at: 1768163338299
[debug] [2026-01-11T19:29:13.452Z] >>> [apiv2][query] GET https://cloudfunctions.googleapis.com/v2/projects/wurdemaniot/locations/us-central1/operations/operation-1768159752390-64821c5f28802-ea7eda5e-08373653 [none]
[debug] [2026-01-11T19:29:13.523Z] <<< [apiv2][status] GET https://cloudfunctions.googleapis.com/v2/projects/wurdemaniot/locations/us-central1/operations/operation-1768159752390-64821c5f28802-ea7eda5e-08373653 200
[debug] [2026-01-11T19:29:13.523Z] <<< [apiv2][body] GET https://cloudfunctions.googleapis.com/v2/projects/wurdemaniot/locations/us-central1/operations/operation-1768159752390-64821c5f28802-ea7eda5e-08373653 {"name":"projects/wurdemaniot/locations/us-central1/operations/operation-1768159752390-64821c5f28802-ea7eda5e-08373653","metadata":{"@type":"type.googleapis.com/google.cloud.functions.v2.OperationMetadata","createTime":"2026-01-11T19:29:13.014198627Z","target":"projects/wurdemaniot/locations/us-central1/functions/config","verb":"update","cancelRequested":false,"apiVersion":"v2","requestResource":{"@type":"type.googleapis.com/google.cloud.functions.v2.Function","name":"projects/wurdemaniot/locations/us-central1/functions/config","buildConfig":{"runtime":"nodejs20","entryPoint":"config","source":{"storageSource":{"bucket":"gcf-v2-sources-326690015446-us-central1","object":"config/function-source.zip","generation":"1768159752971126"}},"environmentVariables":{"GOOGLE_NODE_RUN_SCRIPTS":""},"dockerRepository":"projects/wurdemaniot/locations/us-central1/repositories/gcf-artifacts","sourceProvenance":{"resolvedStorageSource":{"bucket":"gcf-v2-sources-326690015446-us-central1","object":"config/function-source.zip","generation":"1768155807809601"}},"dockerRegistry":"ARTIFACT_REGISTRY","serviceAccount":"projects/wurdemaniot/serviceAccounts/326690015446-compute@developer.gserviceaccount.com","automaticUpdatePolicy":{}},"serviceConfig":{"service":"projects/wurdemaniot/locations/us-central1/services/config","timeoutSeconds":60,"environmentVariables":{"FIREBASE_CONFIG":"{\"projectId\":\"wurdemaniot\",\"databaseURL\":\"https://wurdemaniot-default-rtdb.firebaseio.com\",\"storageBucket\":\"wurdemaniot.firebasestorage.app\"}","GCLOUD_PROJECT":"wurdemaniot","EVENTARC_CLOUD_EVENT_SOURCE":"projects/wurdemaniot/locations/us-central1/services/config","FUNCTION_TARGET":"config","LOG_EXECUTION_ID":"true"},"ingressSettings":"ALLOW_ALL","uri":"https://config-dwoseol4ba-uc.a.run.app","serviceAccountEmail":"326690015446-compute@developer.gserviceaccount.com","availableMemory":"256Mi","allTrafficOnLatestRevision":true,"secretEnvironmentVariables":[{"key":"DEVICE_TOKEN","projectId":"wurdemaniot","secret":"DEVICE_TOKEN","version":"2"}],"revision":"config-00007-goh","maxInstanceRequestConcurrency":80,"availableCpu":"1"},"state":"ACTIVE","labels":{"deployment-tool":"cli-firebase","firebase-functions-hash":"8923e5e52e58d5b3f9b668a0f4eb02d223fd96b5"},"environment":"GEN_2","url":"https://us-central1-wurdemaniot.cloudfunctions.net/config","satisfiesPzi":true},"stages":[{"name":"BUILD","state":"NOT_STARTED"},{"name":"SERVICE","state":"NOT_STARTED"}],"operationType":"UPDATE_FUNCTION"},"done":false}
[debug] [2026-01-11T19:29:13.624Z] [update-default-us-central1-thermostatConfig] Retrying task index 0
[debug] [2026-01-11T19:29:13.624Z] Checked if tokens are valid: true, expires at: 1768163338299
[debug] [2026-01-11T19:29:13.624Z] Checked if tokens are valid: true, expires at: 1768163338299
[debug] [2026-01-11T19:29:13.624Z] >>> [apiv2][query] GET https://cloudfunctions.googleapis.com/v2/projects/wurdemaniot/locations/us-central1/operations/operation-1768159752393-64821c5f291f3-617ccb48-bbefe526 [none]
[debug] [2026-01-11T19:29:13.684Z] <<< [apiv2][status] GET https://cloudfunctions.googleapis.com/v2/projects/wurdemaniot/locations/us-central1/operations/operation-1768159752393-64821c5f291f3-617ccb48-bbefe526 200
[debug] [2026-01-11T19:29:13.685Z] <<< [apiv2][body] GET https://cloudfunctions.googleapis.com/v2/projects/wurdemaniot/locations/us-central1/operations/operation-1768159752393-64821c5f291f3-617ccb48-bbefe526 {"name":"projects/wurdemaniot/locations/us-central1/operations/operation-1768159752393-64821c5f291f3-617ccb48-bbefe526","metadata":{"@type":"type.googleapis.com/google.cloud.functions.v2.OperationMetadata","createTime":"2026-01-11T19:29:13.196850831Z","target":"projects/wurdemaniot/locations/us-central1/functions/thermostatConfig","verb":"update","cancelRequested":false,"apiVersion":"v2","requestResource":{"@type":"type.googleapis.com/google.cloud.functions.v2.Function","name":"projects/wurdemaniot/locations/us-central1/functions/thermostatConfig","buildConfig":{"runtime":"nodejs20","entryPoint":"thermostatConfig","source":{"storageSource":{"bucket":"gcf-v2-sources-326690015446-us-central1","object":"thermostatConfig/function-source.zip","generation":"1768159753154751"}},"environmentVariables":{"GOOGLE_NODE_RUN_SCRIPTS":""},"dockerRepository":"projects/wurdemaniot/locations/us-central1/repositories/gcf-artifacts","sourceProvenance":{"resolvedStorageSource":{"bucket":"gcf-v2-sources-326690015446-us-central1","object":"thermostatConfig/function-source.zip","generation":"1768155807755329"}},"dockerRegistry":"ARTIFACT_REGISTRY","serviceAccount":"projects/wurdemaniot/serviceAccounts/326690015446-compute@developer.gserviceaccount.com","automaticUpdatePolicy":{}},"serviceConfig":{"service":"projects/wurdemaniot/locations/us-central1/services/thermostatconfig","timeoutSeconds":60,"environmentVariables":{"FIREBASE_CONFIG":"{\"projectId\":\"wurdemaniot\",\"databaseURL\":\"https://wurdemaniot-default-rtdb.firebaseio.com\",\"storageBucket\":\"wurdemaniot.firebasestorage.app\"}","GCLOUD_PROJECT":"wurdemaniot","EVENTARC_CLOUD_EVENT_SOURCE":"projects/wurdemaniot/locations/us-central1/services/thermostatConfig","FUNCTION_TARGET":"thermostatConfig","LOG_EXECUTION_ID":"true"},"ingressSettings":"ALLOW_ALL","uri":"https://thermostatconfig-dwoseol4ba-uc.a.run.app","serviceAccountEmail":"326690015446-compute@developer.gserviceaccount.com","availableMemory":"256Mi","allTrafficOnLatestRevision":true,"secretEnvironmentVariables":[{"key":"THERMOSTAT_TOKEN","projectId":"wurdemaniot","secret":"THERMOSTAT_TOKEN","version":"4"}],"revision":"thermostatconfig-00006-juk","maxInstanceRequestConcurrency":80,"availableCpu":"1"},"state":"ACTIVE","labels":{"deployment-tool":"cli-firebase","firebase-functions-hash":"142026e679b786dc8649c7ef431fd2c1ba645033"},"environment":"GEN_2","url":"https://us-central1-wurdemaniot.cloudfunctions.net/thermostatConfig","satisfiesPzi":true},"stages":[{"name":"BUILD","message":"Creating build","state":"IN_PROGRESS","resource":"projects/326690015446/locations/us-central1/builds/16543274-2691-45db-a2fe-5c70a1a94c41","resourceUri":"https://console.cloud.google.com/cloud-build/builds;region=us-central1/16543274-2691-45db-a2fe-5c70a1a94c41?project=326690015446"},{"name":"SERVICE","state":"NOT_STARTED"}],"operationType":"UPDATE_FUNCTION","buildName":"projects/326690015446/locations/us-central1/builds/16543274-2691-45db-a2fe-5c70a1a94c41"},"done":false}
[debug] [2026-01-11T19:29:14.531Z] [update-default-us-central1-config] Retrying task index 0
[debug] [2026-01-11T19:29:14.531Z] Checked if tokens are valid: true, expires at: 1768163338299
[debug] [2026-01-11T19:29:14.531Z] Checked if tokens are valid: true, expires at: 1768163338299
[debug] [2026-01-11T19:29:14.531Z] >>> [apiv2][query] GET https://cloudfunctions.googleapis.com/v2/projects/wurdemaniot/locations/us-central1/operations/operation-1768159752390-64821c5f28802-ea7eda5e-08373653 [none]
[debug] [2026-01-11T19:29:14.603Z] <<< [apiv2][status] GET https://cloudfunctions.googleapis.com/v2/projects/wurdemaniot/locations/us-central1/operations/operation-1768159752390-64821c5f28802-ea7eda5e-08373653 200
[debug] [2026-01-11T19:29:14.604Z] <<< [apiv2][body] GET https://cloudfunctions.googleapis.com/v2/projects/wurdemaniot/locations/us-central1/operations/operation-1768159752390-64821c5f28802-ea7eda5e-08373653 {"name":"projects/wurdemaniot/locations/us-central1/operations/operation-1768159752390-64821c5f28802-ea7eda5e-08373653","metadata":{"@type":"type.googleapis.com/google.cloud.functions.v2.OperationMetadata","createTime":"2026-01-11T19:29:13.014198627Z","target":"projects/wurdemaniot/locations/us-central1/functions/config","verb":"update","cancelRequested":false,"apiVersion":"v2","requestResource":{"@type":"type.googleapis.com/google.cloud.functions.v2.Function","name":"projects/wurdemaniot/locations/us-central1/functions/config","buildConfig":{"runtime":"nodejs20","entryPoint":"config","source":{"storageSource":{"bucket":"gcf-v2-sources-326690015446-us-central1","object":"config/function-source.zip","generation":"1768159752971126"}},"environmentVariables":{"GOOGLE_NODE_RUN_SCRIPTS":""},"dockerRepository":"projects/wurdemaniot/locations/us-central1/repositories/gcf-artifacts","sourceProvenance":{"resolvedStorageSource":{"bucket":"gcf-v2-sources-326690015446-us-central1","object":"config/function-source.zip","generation":"1768155807809601"}},"dockerRegistry":"ARTIFACT_REGISTRY","serviceAccount":"projects/wurdemaniot/serviceAccounts/326690015446-compute@developer.gserviceaccount.com","automaticUpdatePolicy":{}},"serviceConfig":{"service":"projects/wurdemaniot/locations/us-central1/services/config","timeoutSeconds":60,"environmentVariables":{"FIREBASE_CONFIG":"{\"projectId\":\"wurdemaniot\",\"databaseURL\":\"https://wurdemaniot-default-rtdb.firebaseio.com\",\"storageBucket\":\"wurdemaniot.firebasestorage.app\"}","GCLOUD_PROJECT":"wurdemaniot","EVENTARC_CLOUD_EVENT_SOURCE":"projects/wurdemaniot/locations/us-central1/services/config","FUNCTION_TARGET":"config","LOG_EXECUTION_ID":"true"},"ingressSettings":"ALLOW_ALL","uri":"https://config-dwoseol4ba-uc.a.run.app","serviceAccountEmail":"326690015446-compute@developer.gserviceaccount.com","availableMemory":"256Mi","allTrafficOnLatestRevision":true,"secretEnvironmentVariables":[{"key":"DEVICE_TOKEN","projectId":"wurdemaniot","secret":"DEVICE_TOKEN","version":"2"}],"revision":"config-00007-goh","maxInstanceRequestConcurrency":80,"availableCpu":"1"},"state":"ACTIVE","labels":{"deployment-tool":"cli-firebase","firebase-functions-hash":"8923e5e52e58d5b3f9b668a0f4eb02d223fd96b5"},"environment":"GEN_2","url":"https://us-central1-wurdemaniot.cloudfunctions.net/config","satisfiesPzi":true},"stages":[{"name":"BUILD","message":"Build in progress","state":"IN_PROGRESS","resource":"projects/326690015446/locations/us-central1/builds/f2f642df-ec28-4dbc-ae72-be588c7cab4e","resourceUri":"https://console.cloud.google.com/cloud-build/builds;region=us-central1/f2f642df-ec28-4dbc-ae72-be588c7cab4e?project=326690015446"},{"name":"SERVICE","state":"NOT_STARTED"}],"operationType":"UPDATE_FUNCTION","buildName":"projects/326690015446/locations/us-central1/builds/f2f642df-ec28-4dbc-ae72-be588c7cab4e"},"done":false}
[debug] [2026-01-11T19:29:14.686Z] [update-default-us-central1-thermostatConfig] Retrying task index 0
[debug] [2026-01-11T19:29:14.686Z] Checked if tokens are valid: true, expires at: 1768163338299
[debug] [2026-01-11T19:29:14.686Z] Checked if tokens are valid: true, expires at: 1768163338299
[debug] [2026-01-11T19:29:14.686Z] >>> [apiv2][query] GET https://cloudfunctions.googleapis.com/v2/projects/wurdemaniot/locations/us-central1/operations/operation-1768159752393-64821c5f291f3-617ccb48-bbefe526 [none]
[debug] [2026-01-11T19:29:14.749Z] <<< [apiv2][status] GET https://cloudfunctions.googleapis.com/v2/projects/wurdemaniot/locations/us-central1/operations/operation-1768159752393-64821c5f291f3-617ccb48-bbefe526 200
[debug] [2026-01-11T19:29:14.749Z] <<< [apiv2][body] GET https://cloudfunctions.googleapis.com/v2/projects/wurdemaniot/locations/us-central1/operations/operation-1768159752393-64821c5f291f3-617ccb48-bbefe526 {"name":"projects/wurdemaniot/locations/us-central1/operations/operation-1768159752393-64821c5f291f3-617ccb48-bbefe526","metadata":{"@type":"type.googleapis.com/google.cloud.functions.v2.OperationMetadata","createTime":"2026-01-11T19:29:13.196850831Z","target":"projects/wurdemaniot/locations/us-central1/functions/thermostatConfig","verb":"update","cancelRequested":false,"apiVersion":"v2","requestResource":{"@type":"type.googleapis.com/google.cloud.functions.v2.Function","name":"projects/wurdemaniot/locations/us-central1/functions/thermostatConfig","buildConfig":{"runtime":"nodejs20","entryPoint":"thermostatConfig","source":{"storageSource":{"bucket":"gcf-v2-sources-326690015446-us-central1","object":"thermostatConfig/function-source.zip","generation":"1768159753154751"}},"environmentVariables":{"GOOGLE_NODE_RUN_SCRIPTS":""},"dockerRepository":"projects/wurdemaniot/locations/us-central1/repositories/gcf-artifacts","sourceProvenance":{"resolvedStorageSource":{"bucket":"gcf-v2-sources-326690015446-us-central1","object":"thermostatConfig/function-source.zip","generation":"1768155807755329"}},"dockerRegistry":"ARTIFACT_REGISTRY","serviceAccount":"projects/wurdemaniot/serviceAccounts/326690015446-compute@developer.gserviceaccount.com","automaticUpdatePolicy":{}},"serviceConfig":{"service":"projects/wurdemaniot/locations/us-central1/services/thermostatconfig","timeoutSeconds":60,"environmentVariables":{"FIREBASE_CONFIG":"{\"projectId\":\"wurdemaniot\",\"databaseURL\":\"https://wurdemaniot-default-rtdb.firebaseio.com\",\"storageBucket\":\"wurdemaniot.firebasestorage.app\"}","GCLOUD_PROJECT":"wurdemaniot","EVENTARC_CLOUD_EVENT_SOURCE":"projects/wurdemaniot/locations/us-central1/services/thermostatConfig","FUNCTION_TARGET":"thermostatConfig","LOG_EXECUTION_ID":"true"},"ingressSettings":"ALLOW_ALL","uri":"https://thermostatconfig-dwoseol4ba-uc.a.run.app","serviceAccountEmail":"326690015446-compute@developer.gserviceaccount.com","availableMemory":"256Mi","allTrafficOnLatestRevision":true,"secretEnvironmentVariables":[{"key":"THERMOSTAT_TOKEN","projectId":"wurdemaniot","secret":"THERMOSTAT_TOKEN","version":"4"}],"revision":"thermostatconfig-00006-juk","maxInstanceRequestConcurrency":80,"availableCpu":"1"},"state":"ACTIVE","labels":{"deployment-tool":"cli-firebase","firebase-functions-hash":"142026e679b786dc8649c7ef431fd2c1ba645033"},"environment":"GEN_2","url":"https://us-central1-wurdemaniot.cloudfunctions.net/thermostatConfig","satisfiesPzi":true},"stages":[{"name":"BUILD","message":"Build in progress","state":"IN_PROGRESS","resource":"projects/326690015446/locations/us-central1/builds/16543274-2691-45db-a2fe-5c70a1a94c41","resourceUri":"https://console.cloud.google.com/cloud-build/builds;region=us-central1/16543274-2691-45db-a2fe-5c70a1a94c41?project=326690015446"},{"name":"SERVICE","state":"NOT_STARTED"}],"operationType":"UPDATE_FUNCTION","buildName":"projects/326690015446/locations/us-central1/builds/16543274-2691-45db-a2fe-5c70a1a94c41"},"done":false}
[debug] [2026-01-11T19:29:16.608Z] [update-default-us-central1-config] Retrying task index 0
[debug] [2026-01-11T19:29:16.608Z] Checked if tokens are valid: true, expires at: 1768163338299
[debug] [2026-01-11T19:29:16.608Z] Checked if tokens are valid: true, expires at: 1768163338299
[debug] [2026-01-11T19:29:16.608Z] >>> [apiv2][query] GET https://cloudfunctions.googleapis.com/v2/projects/wurdemaniot/locations/us-central1/operations/operation-1768159752390-64821c5f28802-ea7eda5e-08373653 [none]
[debug] [2026-01-11T19:29:16.672Z] <<< [apiv2][status] GET https://cloudfunctions.googleapis.com/v2/projects/wurdemaniot/locations/us-central1/operations/operation-1768159752390-64821c5f28802-ea7eda5e-08373653 200
[debug] [2026-01-11T19:29:16.672Z] <<< [apiv2][body] GET https://cloudfunctions.googleapis.com/v2/projects/wurdemaniot/locations/us-central1/operations/operation-1768159752390-64821c5f28802-ea7eda5e-08373653 {"name":"projects/wurdemaniot/locations/us-central1/operations/operation-1768159752390-64821c5f28802-ea7eda5e-08373653","metadata":{"@type":"type.googleapis.com/google.cloud.functions.v2.OperationMetadata","createTime":"2026-01-11T19:29:13.014198627Z","target":"projects/wurdemaniot/locations/us-central1/functions/config","verb":"update","cancelRequested":false,"apiVersion":"v2","requestResource":{"@type":"type.googleapis.com/google.cloud.functions.v2.Function","name":"projects/wurdemaniot/locations/us-central1/functions/config","buildConfig":{"runtime":"nodejs20","entryPoint":"config","source":{"storageSource":{"bucket":"gcf-v2-sources-326690015446-us-central1","object":"config/function-source.zip","generation":"1768159752971126"}},"environmentVariables":{"GOOGLE_NODE_RUN_SCRIPTS":""},"dockerRepository":"projects/wurdemaniot/locations/us-central1/repositories/gcf-artifacts","sourceProvenance":{"resolvedStorageSource":{"bucket":"gcf-v2-sources-326690015446-us-central1","object":"config/function-source.zip","generation":"1768155807809601"}},"dockerRegistry":"ARTIFACT_REGISTRY","serviceAccount":"projects/wurdemaniot/serviceAccounts/326690015446-compute@developer.gserviceaccount.com","automaticUpdatePolicy":{}},"serviceConfig":{"service":"projects/wurdemaniot/locations/us-central1/services/config","timeoutSeconds":60,"environmentVariables":{"FIREBASE_CONFIG":"{\"projectId\":\"wurdemaniot\",\"databaseURL\":\"https://wurdemaniot-default-rtdb.firebaseio.com\",\"storageBucket\":\"wurdemaniot.firebasestorage.app\"}","GCLOUD_PROJECT":"wurdemaniot","EVENTARC_CLOUD_EVENT_SOURCE":"projects/wurdemaniot/locations/us-central1/services/config","FUNCTION_TARGET":"config","LOG_EXECUTION_ID":"true"},"ingressSettings":"ALLOW_ALL","uri":"https://config-dwoseol4ba-uc.a.run.app","serviceAccountEmail":"326690015446-compute@developer.gserviceaccount.com","availableMemory":"256Mi","allTrafficOnLatestRevision":true,"secretEnvironmentVariables":[{"key":"DEVICE_TOKEN","projectId":"wurdemaniot","secret":"DEVICE_TOKEN","version":"2"}],"revision":"config-00007-goh","maxInstanceRequestConcurrency":80,"availableCpu":"1"},"state":"ACTIVE","labels":{"deployment-tool":"cli-firebase","firebase-functions-hash":"8923e5e52e58d5b3f9b668a0f4eb02d223fd96b5"},"environment":"GEN_2","url":"https://us-central1-wurdemaniot.cloudfunctions.net/config","satisfiesPzi":true},"stages":[{"name":"BUILD","message":"Build in progress","state":"IN_PROGRESS","resource":"projects/326690015446/locations/us-central1/builds/f2f642df-ec28-4dbc-ae72-be588c7cab4e","resourceUri":"https://console.cloud.google.com/cloud-build/builds;region=us-central1/f2f642df-ec28-4dbc-ae72-be588c7cab4e?project=326690015446"},{"name":"SERVICE","state":"NOT_STARTED"}],"operationType":"UPDATE_FUNCTION","buildName":"projects/326690015446/locations/us-central1/builds/f2f642df-ec28-4dbc-ae72-be588c7cab4e"},"done":false}
[debug] [2026-01-11T19:29:16.764Z] [update-default-us-central1-thermostatConfig] Retrying task index 0
[debug] [2026-01-11T19:29:16.765Z] Checked if tokens are valid: true, expires at: 1768163338299
[debug] [2026-01-11T19:29:16.765Z] Checked if tokens are valid: true, expires at: 1768163338299
[debug] [2026-01-11T19:29:16.765Z] >>> [apiv2][query] GET https://cloudfunctions.googleapis.com/v2/projects/wurdemaniot/locations/us-central1/operations/operation-1768159752393-64821c5f291f3-617ccb48-bbefe526 [none]
[debug] [2026-01-11T19:29:16.823Z] <<< [apiv2][status] GET https://cloudfunctions.googleapis.com/v2/projects/wurdemaniot/locations/us-central1/operations/operation-1768159752393-64821c5f291f3-617ccb48-bbefe526 200
[debug] [2026-01-11T19:29:16.823Z] <<< [apiv2][body] GET https://cloudfunctions.googleapis.com/v2/projects/wurdemaniot/locations/us-central1/operations/operation-1768159752393-64821c5f291f3-617ccb48-bbefe526 {"name":"projects/wurdemaniot/locations/us-central1/operations/operation-1768159752393-64821c5f291f3-617ccb48-bbefe526","metadata":{"@type":"type.googleapis.com/google.cloud.functions.v2.OperationMetadata","createTime":"2026-01-11T19:29:13.196850831Z","target":"projects/wurdemaniot/locations/us-central1/functions/thermostatConfig","verb":"update","cancelRequested":false,"apiVersion":"v2","requestResource":{"@type":"type.googleapis.com/google.cloud.functions.v2.Function","name":"projects/wurdemaniot/locations/us-central1/functions/thermostatConfig","buildConfig":{"runtime":"nodejs20","entryPoint":"thermostatConfig","source":{"storageSource":{"bucket":"gcf-v2-sources-326690015446-us-central1","object":"thermostatConfig/function-source.zip","generation":"1768159753154751"}},"environmentVariables":{"GOOGLE_NODE_RUN_SCRIPTS":""},"dockerRepository":"projects/wurdemaniot/locations/us-central1/repositories/gcf-artifacts","sourceProvenance":{"resolvedStorageSource":{"bucket":"gcf-v2-sources-326690015446-us-central1","object":"thermostatConfig/function-source.zip","generation":"1768155807755329"}},"dockerRegistry":"ARTIFACT_REGISTRY","serviceAccount":"projects/wurdemaniot/serviceAccounts/326690015446-compute@developer.gserviceaccount.com","automaticUpdatePolicy":{}},"serviceConfig":{"service":"projects/wurdemaniot/locations/us-central1/services/thermostatconfig","timeoutSeconds":60,"environmentVariables":{"FIREBASE_CONFIG":"{\"projectId\":\"wurdemaniot\",\"databaseURL\":\"https://wurdemaniot-default-rtdb.firebaseio.com\",\"storageBucket\":\"wurdemaniot.firebasestorage.app\"}","GCLOUD_PROJECT":"wurdemaniot","EVENTARC_CLOUD_EVENT_SOURCE":"projects/wurdemaniot/locations/us-central1/services/thermostatConfig","FUNCTION_TARGET":"thermostatConfig","LOG_EXECUTION_ID":"true"},"ingressSettings":"ALLOW_ALL","uri":"https://thermostatconfig-dwoseol4ba-uc.a.run.app","serviceAccountEmail":"326690015446-compute@developer.gserviceaccount.com","availableMemory":"256Mi","allTrafficOnLatestRevision":true,"secretEnvironmentVariables":[{"key":"THERMOSTAT_TOKEN","projectId":"wurdemaniot","secret":"THERMOSTAT_TOKEN","version":"4"}],"revision":"thermostatconfig-00006-juk","maxInstanceRequestConcurrency":80,"availableCpu":"1"},"state":"ACTIVE","labels":{"deployment-tool":"cli-firebase","firebase-functions-hash":"142026e679b786dc8649c7ef431fd2c1ba645033"},"environment":"GEN_2","url":"https://us-central1-wurdemaniot.cloudfunctions.net/thermostatConfig","satisfiesPzi":true},"stages":[{"name":"BUILD","message":"Build in progress","state":"IN_PROGRESS","resource":"projects/326690015446/locations/us-central1/builds/16543274-2691-45db-a2fe-5c70a1a94c41","resourceUri":"https://console.cloud.google.com/cloud-build/builds;region=us-central1/16543274-2691-45db-a2fe-5c70a1a94c41?project=326690015446"},{"name":"SERVICE","state":"NOT_STARTED"}],"operationType":"UPDATE_FUNCTION","buildName":"projects/326690015446/locations/us-central1/builds/16543274-2691-45db-a2fe-5c70a1a94c41"},"done":false}
[debug] [2026-01-11T19:29:20.674Z] [update-default-us-central1-config] Retrying task index 0
[debug] [2026-01-11T19:29:20.674Z] Checked if tokens are valid: true, expires at: 1768163338299
[debug] [2026-01-11T19:29:20.674Z] Checked if tokens are valid: true, expires at: 1768163338299
[debug] [2026-01-11T19:29:20.674Z] >>> [apiv2][query] GET https://cloudfunctions.googleapis.com/v2/projects/wurdemaniot/locations/us-central1/operations/operation-1768159752390-64821c5f28802-ea7eda5e-08373653 [none]
[debug] [2026-01-11T19:29:20.750Z] <<< [apiv2][status] GET https://cloudfunctions.googleapis.com/v2/projects/wurdemaniot/locations/us-central1/operations/operation-1768159752390-64821c5f28802-ea7eda5e-08373653 200
[debug] [2026-01-11T19:29:20.750Z] <<< [apiv2][body] GET https://cloudfunctions.googleapis.com/v2/projects/wurdemaniot/locations/us-central1/operations/operation-1768159752390-64821c5f28802-ea7eda5e-08373653 {"name":"projects/wurdemaniot/locations/us-central1/operations/operation-1768159752390-64821c5f28802-ea7eda5e-08373653","metadata":{"@type":"type.googleapis.com/google.cloud.functions.v2.OperationMetadata","createTime":"2026-01-11T19:29:13.014198627Z","target":"projects/wurdemaniot/locations/us-central1/functions/config","verb":"update","cancelRequested":false,"apiVersion":"v2","requestResource":{"@type":"type.googleapis.com/google.cloud.functions.v2.Function","name":"projects/wurdemaniot/locations/us-central1/functions/config","buildConfig":{"runtime":"nodejs20","entryPoint":"config","source":{"storageSource":{"bucket":"gcf-v2-sources-326690015446-us-central1","object":"config/function-source.zip","generation":"1768159752971126"}},"environmentVariables":{"GOOGLE_NODE_RUN_SCRIPTS":""},"dockerRepository":"projects/wurdemaniot/locations/us-central1/repositories/gcf-artifacts","sourceProvenance":{"resolvedStorageSource":{"bucket":"gcf-v2-sources-326690015446-us-central1","object":"config/function-source.zip","generation":"1768155807809601"}},"dockerRegistry":"ARTIFACT_REGISTRY","serviceAccount":"projects/wurdemaniot/serviceAccounts/326690015446-compute@developer.gserviceaccount.com","automaticUpdatePolicy":{}},"serviceConfig":{"service":"projects/wurdemaniot/locations/us-central1/services/config","timeoutSeconds":60,"environmentVariables":{"FIREBASE_CONFIG":"{\"projectId\":\"wurdemaniot\",\"databaseURL\":\"https://wurdemaniot-default-rtdb.firebaseio.com\",\"storageBucket\":\"wurdemaniot.firebasestorage.app\"}","GCLOUD_PROJECT":"wurdemaniot","EVENTARC_CLOUD_EVENT_SOURCE":"projects/wurdemaniot/locations/us-central1/services/config","FUNCTION_TARGET":"config","LOG_EXECUTION_ID":"true"},"ingressSettings":"ALLOW_ALL","uri":"https://config-dwoseol4ba-uc.a.run.app","serviceAccountEmail":"326690015446-compute@developer.gserviceaccount.com","availableMemory":"256Mi","allTrafficOnLatestRevision":true,"secretEnvironmentVariables":[{"key":"DEVICE_TOKEN","projectId":"wurdemaniot","secret":"DEVICE_TOKEN","version":"2"}],"revision":"config-00007-goh","maxInstanceRequestConcurrency":80,"availableCpu":"1"},"state":"ACTIVE","labels":{"deployment-tool":"cli-firebase","firebase-functions-hash":"8923e5e52e58d5b3f9b668a0f4eb02d223fd96b5"},"environment":"GEN_2","url":"https://us-central1-wurdemaniot.cloudfunctions.net/config","satisfiesPzi":true},"stages":[{"name":"BUILD","message":"Build in progress","state":"IN_PROGRESS","resource":"projects/326690015446/locations/us-central1/builds/f2f642df-ec28-4dbc-ae72-be588c7cab4e","resourceUri":"https://console.cloud.google.com/cloud-build/builds;region=us-central1/f2f642df-ec28-4dbc-ae72-be588c7cab4e?project=326690015446"},{"name":"SERVICE","state":"NOT_STARTED"}],"operationType":"UPDATE_FUNCTION","buildName":"projects/326690015446/locations/us-central1/builds/f2f642df-ec28-4dbc-ae72-be588c7cab4e"},"done":false}
[debug] [2026-01-11T19:29:20.826Z] [update-default-us-central1-thermostatConfig] Retrying task index 0
[debug] [2026-01-11T19:29:20.826Z] Checked if tokens are valid: true, expires at: 1768163338299
[debug] [2026-01-11T19:29:20.826Z] Checked if tokens are valid: true, expires at: 1768163338299
[debug] [2026-01-11T19:29:20.826Z] >>> [apiv2][query] GET https://cloudfunctions.googleapis.com/v2/projects/wurdemaniot/locations/us-central1/operations/operation-1768159752393-64821c5f291f3-617ccb48-bbefe526 [none]
[debug] [2026-01-11T19:29:20.887Z] <<< [apiv2][status] GET https://cloudfunctions.googleapis.com/v2/projects/wurdemaniot/locations/us-central1/operations/operation-1768159752393-64821c5f291f3-617ccb48-bbefe526 200
[debug] [2026-01-11T19:29:20.887Z] <<< [apiv2][body] GET https://cloudfunctions.googleapis.com/v2/projects/wurdemaniot/locations/us-central1/operations/operation-1768159752393-64821c5f291f3-617ccb48-bbefe526 {"name":"projects/wurdemaniot/locations/us-central1/operations/operation-1768159752393-64821c5f291f3-617ccb48-bbefe526","metadata":{"@type":"type.googleapis.com/google.cloud.functions.v2.OperationMetadata","createTime":"2026-01-11T19:29:13.196850831Z","target":"projects/wurdemaniot/locations/us-central1/functions/thermostatConfig","verb":"update","cancelRequested":false,"apiVersion":"v2","requestResource":{"@type":"type.googleapis.com/google.cloud.functions.v2.Function","name":"projects/wurdemaniot/locations/us-central1/functions/thermostatConfig","buildConfig":{"runtime":"nodejs20","entryPoint":"thermostatConfig","source":{"storageSource":{"bucket":"gcf-v2-sources-326690015446-us-central1","object":"thermostatConfig/function-source.zip","generation":"1768159753154751"}},"environmentVariables":{"GOOGLE_NODE_RUN_SCRIPTS":""},"dockerRepository":"projects/wurdemaniot/locations/us-central1/repositories/gcf-artifacts","sourceProvenance":{"resolvedStorageSource":{"bucket":"gcf-v2-sources-326690015446-us-central1","object":"thermostatConfig/function-source.zip","generation":"1768155807755329"}},"dockerRegistry":"ARTIFACT_REGISTRY","serviceAccount":"projects/wurdemaniot/serviceAccounts/326690015446-compute@developer.gserviceaccount.com","automaticUpdatePolicy":{}},"serviceConfig":{"service":"projects/wurdemaniot/locations/us-central1/services/thermostatconfig","timeoutSeconds":60,"environmentVariables":{"FIREBASE_CONFIG":"{\"projectId\":\"wurdemaniot\",\"databaseURL\":\"https://wurdemaniot-default-rtdb.firebaseio.com\",\"storageBucket\":\"wurdemaniot.firebasestorage.app\"}","GCLOUD_PROJECT":"wurdemaniot","EVENTARC_CLOUD_EVENT_SOURCE":"projects/wurdemaniot/locations/us-central1/services/thermostatConfig","FUNCTION_TARGET":"thermostatConfig","LOG_EXECUTION_ID":"true"},"ingressSettings":"ALLOW_ALL","uri":"https://thermostatconfig-dwoseol4ba-uc.a.run.app","serviceAccountEmail":"326690015446-compute@developer.gserviceaccount.com","availableMemory":"256Mi","allTrafficOnLatestRevision":true,"secretEnvironmentVariables":[{"key":"THERMOSTAT_TOKEN","projectId":"wurdemaniot","secret":"THERMOSTAT_TOKEN","version":"4"}],"revision":"thermostatconfig-00006-juk","maxInstanceRequestConcurrency":80,"availableCpu":"1"},"state":"ACTIVE","labels":{"deployment-tool":"cli-firebase","firebase-functions-hash":"142026e679b786dc8649c7ef431fd2c1ba645033"},"environment":"GEN_2","url":"https://us-central1-wurdemaniot.cloudfunctions.net/thermostatConfig","satisfiesPzi":true},"stages":[{"name":"BUILD","message":"Build in progress","state":"IN_PROGRESS","resource":"projects/326690015446/locations/us-central1/builds/16543274-2691-45db-a2fe-5c70a1a94c41","resourceUri":"https://console.cloud.google.com/cloud-build/builds;region=us-central1/16543274-2691-45db-a2fe-5c70a1a94c41?project=326690015446"},{"name":"SERVICE","state":"NOT_STARTED"}],"operationType":"UPDATE_FUNCTION","buildName":"projects/326690015446/locations/us-central1/builds/16543274-2691-45db-a2fe-5c70a1a94c41"},"done":false}
[debug] [2026-01-11T19:29:28.751Z] [update-default-us-central1-config] Retrying task index 0
[debug] [2026-01-11T19:29:28.751Z] Checked if tokens are valid: true, expires at: 1768163338299
[debug] [2026-01-11T19:29:28.751Z] Checked if tokens are valid: true, expires at: 1768163338299
[debug] [2026-01-11T19:29:28.751Z] >>> [apiv2][query] GET https://cloudfunctions.googleapis.com/v2/projects/wurdemaniot/locations/us-central1/operations/operation-1768159752390-64821c5f28802-ea7eda5e-08373653 [none]
[debug] [2026-01-11T19:29:28.889Z] [update-default-us-central1-thermostatConfig] Retrying task index 0
[debug] [2026-01-11T19:29:28.889Z] Checked if tokens are valid: true, expires at: 1768163338299
[debug] [2026-01-11T19:29:28.889Z] Checked if tokens are valid: true, expires at: 1768163338299
[debug] [2026-01-11T19:29:28.889Z] >>> [apiv2][query] GET https://cloudfunctions.googleapis.com/v2/projects/wurdemaniot/locations/us-central1/operations/operation-1768159752393-64821c5f291f3-617ccb48-bbefe526 [none]
[debug] [2026-01-11T19:29:28.906Z] <<< [apiv2][status] GET https://cloudfunctions.googleapis.com/v2/projects/wurdemaniot/locations/us-central1/operations/operation-1768159752390-64821c5f28802-ea7eda5e-08373653 200
[debug] [2026-01-11T19:29:28.906Z] <<< [apiv2][body] GET https://cloudfunctions.googleapis.com/v2/projects/wurdemaniot/locations/us-central1/operations/operation-1768159752390-64821c5f28802-ea7eda5e-08373653 {"name":"projects/wurdemaniot/locations/us-central1/operations/operation-1768159752390-64821c5f28802-ea7eda5e-08373653","metadata":{"@type":"type.googleapis.com/google.cloud.functions.v2.OperationMetadata","createTime":"2026-01-11T19:29:13.014198627Z","target":"projects/wurdemaniot/locations/us-central1/functions/config","verb":"update","cancelRequested":false,"apiVersion":"v2","requestResource":{"@type":"type.googleapis.com/google.cloud.functions.v2.Function","name":"projects/wurdemaniot/locations/us-central1/functions/config","buildConfig":{"runtime":"nodejs20","entryPoint":"config","source":{"storageSource":{"bucket":"gcf-v2-sources-326690015446-us-central1","object":"config/function-source.zip","generation":"1768159752971126"}},"environmentVariables":{"GOOGLE_NODE_RUN_SCRIPTS":""},"dockerRepository":"projects/wurdemaniot/locations/us-central1/repositories/gcf-artifacts","sourceProvenance":{"resolvedStorageSource":{"bucket":"gcf-v2-sources-326690015446-us-central1","object":"config/function-source.zip","generation":"1768155807809601"}},"dockerRegistry":"ARTIFACT_REGISTRY","serviceAccount":"projects/wurdemaniot/serviceAccounts/326690015446-compute@developer.gserviceaccount.com","automaticUpdatePolicy":{}},"serviceConfig":{"service":"projects/wurdemaniot/locations/us-central1/services/config","timeoutSeconds":60,"environmentVariables":{"FIREBASE_CONFIG":"{\"projectId\":\"wurdemaniot\",\"databaseURL\":\"https://wurdemaniot-default-rtdb.firebaseio.com\",\"storageBucket\":\"wurdemaniot.firebasestorage.app\"}","GCLOUD_PROJECT":"wurdemaniot","EVENTARC_CLOUD_EVENT_SOURCE":"projects/wurdemaniot/locations/us-central1/services/config","FUNCTION_TARGET":"config","LOG_EXECUTION_ID":"true"},"ingressSettings":"ALLOW_ALL","uri":"https://config-dwoseol4ba-uc.a.run.app","serviceAccountEmail":"326690015446-compute@developer.gserviceaccount.com","availableMemory":"256Mi","allTrafficOnLatestRevision":true,"secretEnvironmentVariables":[{"key":"DEVICE_TOKEN","projectId":"wurdemaniot","secret":"DEVICE_TOKEN","version":"2"}],"revision":"config-00007-goh","maxInstanceRequestConcurrency":80,"availableCpu":"1"},"state":"ACTIVE","labels":{"deployment-tool":"cli-firebase","firebase-functions-hash":"8923e5e52e58d5b3f9b668a0f4eb02d223fd96b5"},"environment":"GEN_2","url":"https://us-central1-wurdemaniot.cloudfunctions.net/config","satisfiesPzi":true},"stages":[{"name":"BUILD","message":"Build in progress","state":"IN_PROGRESS","resource":"projects/326690015446/locations/us-central1/builds/f2f642df-ec28-4dbc-ae72-be588c7cab4e","resourceUri":"https://console.cloud.google.com/cloud-build/builds;region=us-central1/f2f642df-ec28-4dbc-ae72-be588c7cab4e?project=326690015446"},{"name":"SERVICE","state":"NOT_STARTED"}],"operationType":"UPDATE_FUNCTION","buildName":"projects/326690015446/locations/us-central1/builds/f2f642df-ec28-4dbc-ae72-be588c7cab4e"},"done":false}
[debug] [2026-01-11T19:29:29.043Z] <<< [apiv2][status] GET https://cloudfunctions.googleapis.com/v2/projects/wurdemaniot/locations/us-central1/operations/operation-1768159752393-64821c5f291f3-617ccb48-bbefe526 200
[debug] [2026-01-11T19:29:29.043Z] <<< [apiv2][body] GET https://cloudfunctions.googleapis.com/v2/projects/wurdemaniot/locations/us-central1/operations/operation-1768159752393-64821c5f291f3-617ccb48-bbefe526 {"name":"projects/wurdemaniot/locations/us-central1/operations/operation-1768159752393-64821c5f291f3-617ccb48-bbefe526","metadata":{"@type":"type.googleapis.com/google.cloud.functions.v2.OperationMetadata","createTime":"2026-01-11T19:29:13.196850831Z","target":"projects/wurdemaniot/locations/us-central1/functions/thermostatConfig","verb":"update","cancelRequested":false,"apiVersion":"v2","requestResource":{"@type":"type.googleapis.com/google.cloud.functions.v2.Function","name":"projects/wurdemaniot/locations/us-central1/functions/thermostatConfig","buildConfig":{"runtime":"nodejs20","entryPoint":"thermostatConfig","source":{"storageSource":{"bucket":"gcf-v2-sources-326690015446-us-central1","object":"thermostatConfig/function-source.zip","generation":"1768159753154751"}},"environmentVariables":{"GOOGLE_NODE_RUN_SCRIPTS":""},"dockerRepository":"projects/wurdemaniot/locations/us-central1/repositories/gcf-artifacts","sourceProvenance":{"resolvedStorageSource":{"bucket":"gcf-v2-sources-326690015446-us-central1","object":"thermostatConfig/function-source.zip","generation":"1768155807755329"}},"dockerRegistry":"ARTIFACT_REGISTRY","serviceAccount":"projects/wurdemaniot/serviceAccounts/326690015446-compute@developer.gserviceaccount.com","automaticUpdatePolicy":{}},"serviceConfig":{"service":"projects/wurdemaniot/locations/us-central1/services/thermostatconfig","timeoutSeconds":60,"environmentVariables":{"FIREBASE_CONFIG":"{\"projectId\":\"wurdemaniot\",\"databaseURL\":\"https://wurdemaniot-default-rtdb.firebaseio.com\",\"storageBucket\":\"wurdemaniot.firebasestorage.app\"}","GCLOUD_PROJECT":"wurdemaniot","EVENTARC_CLOUD_EVENT_SOURCE":"projects/wurdemaniot/locations/us-central1/services/thermostatConfig","FUNCTION_TARGET":"thermostatConfig","LOG_EXECUTION_ID":"true"},"ingressSettings":"ALLOW_ALL","uri":"https://thermostatconfig-dwoseol4ba-uc.a.run.app","serviceAccountEmail":"326690015446-compute@developer.gserviceaccount.com","availableMemory":"256Mi","allTrafficOnLatestRevision":true,"secretEnvironmentVariables":[{"key":"THERMOSTAT_TOKEN","projectId":"wurdemaniot","secret":"THERMOSTAT_TOKEN","version":"4"}],"revision":"thermostatconfig-00006-juk","maxInstanceRequestConcurrency":80,"availableCpu":"1"},"state":"ACTIVE","labels":{"deployment-tool":"cli-firebase","firebase-functions-hash":"142026e679b786dc8649c7ef431fd2c1ba645033"},"environment":"GEN_2","url":"https://us-central1-wurdemaniot.cloudfunctions.net/thermostatConfig","satisfiesPzi":true},"stages":[{"name":"BUILD","message":"Build in progress","state":"IN_PROGRESS","resource":"projects/326690015446/locations/us-central1/builds/16543274-2691-45db-a2fe-5c70a1a94c41","resourceUri":"https://console.cloud.google.com/cloud-build/builds;region=us-central1/16543274-2691-45db-a2fe-5c70a1a94c41?project=326690015446"},{"name":"SERVICE","state":"NOT_STARTED"}],"operationType":"UPDATE_FUNCTION","buildName":"projects/326690015446/locations/us-central1/builds/16543274-2691-45db-a2fe-5c70a1a94c41"},"done":false}
[debug] [2026-01-11T19:29:38.920Z] [update-default-us-central1-config] Retrying task index 0
[debug] [2026-01-11T19:29:38.920Z] Checked if tokens are valid: true, expires at: 1768163338299
[debug] [2026-01-11T19:29:38.921Z] Checked if tokens are valid: true, expires at: 1768163338299
[debug] [2026-01-11T19:29:38.921Z] >>> [apiv2][query] GET https://cloudfunctions.googleapis.com/v2/projects/wurdemaniot/locations/us-central1/operations/operation-1768159752390-64821c5f28802-ea7eda5e-08373653 [none]
[debug] [2026-01-11T19:29:39.061Z] [update-default-us-central1-thermostatConfig] Retrying task index 0
[debug] [2026-01-11T19:29:39.061Z] Checked if tokens are valid: true, expires at: 1768163338299
[debug] [2026-01-11T19:29:39.061Z] Checked if tokens are valid: true, expires at: 1768163338299
[debug] [2026-01-11T19:29:39.062Z] >>> [apiv2][query] GET https://cloudfunctions.googleapis.com/v2/projects/wurdemaniot/locations/us-central1/operations/operation-1768159752393-64821c5f291f3-617ccb48-bbefe526 [none]
[debug] [2026-01-11T19:29:39.074Z] <<< [apiv2][status] GET https://cloudfunctions.googleapis.com/v2/projects/wurdemaniot/locations/us-central1/operations/operation-1768159752390-64821c5f28802-ea7eda5e-08373653 200
[debug] [2026-01-11T19:29:39.074Z] <<< [apiv2][body] GET https://cloudfunctions.googleapis.com/v2/projects/wurdemaniot/locations/us-central1/operations/operation-1768159752390-64821c5f28802-ea7eda5e-08373653 {"name":"projects/wurdemaniot/locations/us-central1/operations/operation-1768159752390-64821c5f28802-ea7eda5e-08373653","metadata":{"@type":"type.googleapis.com/google.cloud.functions.v2.OperationMetadata","createTime":"2026-01-11T19:29:13.014198627Z","target":"projects/wurdemaniot/locations/us-central1/functions/config","verb":"update","cancelRequested":false,"apiVersion":"v2","requestResource":{"@type":"type.googleapis.com/google.cloud.functions.v2.Function","name":"projects/wurdemaniot/locations/us-central1/functions/config","buildConfig":{"runtime":"nodejs20","entryPoint":"config","source":{"storageSource":{"bucket":"gcf-v2-sources-326690015446-us-central1","object":"config/function-source.zip","generation":"1768159752971126"}},"environmentVariables":{"GOOGLE_NODE_RUN_SCRIPTS":""},"dockerRepository":"projects/wurdemaniot/locations/us-central1/repositories/gcf-artifacts","sourceProvenance":{"resolvedStorageSource":{"bucket":"gcf-v2-sources-326690015446-us-central1","object":"config/function-source.zip","generation":"1768155807809601"}},"dockerRegistry":"ARTIFACT_REGISTRY","serviceAccount":"projects/wurdemaniot/serviceAccounts/326690015446-compute@developer.gserviceaccount.com","automaticUpdatePolicy":{}},"serviceConfig":{"service":"projects/wurdemaniot/locations/us-central1/services/config","timeoutSeconds":60,"environmentVariables":{"FIREBASE_CONFIG":"{\"projectId\":\"wurdemaniot\",\"databaseURL\":\"https://wurdemaniot-default-rtdb.firebaseio.com\",\"storageBucket\":\"wurdemaniot.firebasestorage.app\"}","GCLOUD_PROJECT":"wurdemaniot","EVENTARC_CLOUD_EVENT_SOURCE":"projects/wurdemaniot/locations/us-central1/services/config","FUNCTION_TARGET":"config","LOG_EXECUTION_ID":"true"},"ingressSettings":"ALLOW_ALL","uri":"https://config-dwoseol4ba-uc.a.run.app","serviceAccountEmail":"326690015446-compute@developer.gserviceaccount.com","availableMemory":"256Mi","allTrafficOnLatestRevision":true,"secretEnvironmentVariables":[{"key":"DEVICE_TOKEN","projectId":"wurdemaniot","secret":"DEVICE_TOKEN","version":"2"}],"revision":"config-00007-goh","maxInstanceRequestConcurrency":80,"availableCpu":"1"},"state":"ACTIVE","labels":{"deployment-tool":"cli-firebase","firebase-functions-hash":"8923e5e52e58d5b3f9b668a0f4eb02d223fd96b5"},"environment":"GEN_2","url":"https://us-central1-wurdemaniot.cloudfunctions.net/config","satisfiesPzi":true},"stages":[{"name":"BUILD","message":"Build in progress","state":"IN_PROGRESS","resource":"projects/326690015446/locations/us-central1/builds/f2f642df-ec28-4dbc-ae72-be588c7cab4e","resourceUri":"https://console.cloud.google.com/cloud-build/builds;region=us-central1/f2f642df-ec28-4dbc-ae72-be588c7cab4e?project=326690015446"},{"name":"SERVICE","state":"NOT_STARTED"}],"operationType":"UPDATE_FUNCTION","buildName":"projects/326690015446/locations/us-central1/builds/f2f642df-ec28-4dbc-ae72-be588c7cab4e"},"done":false}
[debug] [2026-01-11T19:29:39.199Z] <<< [apiv2][status] GET https://cloudfunctions.googleapis.com/v2/projects/wurdemaniot/locations/us-central1/operations/operation-1768159752393-64821c5f291f3-617ccb48-bbefe526 200
[debug] [2026-01-11T19:29:39.200Z] <<< [apiv2][body] GET https://cloudfunctions.googleapis.com/v2/projects/wurdemaniot/locations/us-central1/operations/operation-1768159752393-64821c5f291f3-617ccb48-bbefe526 {"name":"projects/wurdemaniot/locations/us-central1/operations/operation-1768159752393-64821c5f291f3-617ccb48-bbefe526","metadata":{"@type":"type.googleapis.com/google.cloud.functions.v2.OperationMetadata","createTime":"2026-01-11T19:29:13.196850831Z","target":"projects/wurdemaniot/locations/us-central1/functions/thermostatConfig","verb":"update","cancelRequested":false,"apiVersion":"v2","requestResource":{"@type":"type.googleapis.com/google.cloud.functions.v2.Function","name":"projects/wurdemaniot/locations/us-central1/functions/thermostatConfig","buildConfig":{"runtime":"nodejs20","entryPoint":"thermostatConfig","source":{"storageSource":{"bucket":"gcf-v2-sources-326690015446-us-central1","object":"thermostatConfig/function-source.zip","generation":"1768159753154751"}},"environmentVariables":{"GOOGLE_NODE_RUN_SCRIPTS":""},"dockerRepository":"projects/wurdemaniot/locations/us-central1/repositories/gcf-artifacts","sourceProvenance":{"resolvedStorageSource":{"bucket":"gcf-v2-sources-326690015446-us-central1","object":"thermostatConfig/function-source.zip","generation":"1768155807755329"}},"dockerRegistry":"ARTIFACT_REGISTRY","serviceAccount":"projects/wurdemaniot/serviceAccounts/326690015446-compute@developer.gserviceaccount.com","automaticUpdatePolicy":{}},"serviceConfig":{"service":"projects/wurdemaniot/locations/us-central1/services/thermostatconfig","timeoutSeconds":60,"environmentVariables":{"FIREBASE_CONFIG":"{\"projectId\":\"wurdemaniot\",\"databaseURL\":\"https://wurdemaniot-default-rtdb.firebaseio.com\",\"storageBucket\":\"wurdemaniot.firebasestorage.app\"}","GCLOUD_PROJECT":"wurdemaniot","EVENTARC_CLOUD_EVENT_SOURCE":"projects/wurdemaniot/locations/us-central1/services/thermostatConfig","FUNCTION_TARGET":"thermostatConfig","LOG_EXECUTION_ID":"true"},"ingressSettings":"ALLOW_ALL","uri":"https://thermostatconfig-dwoseol4ba-uc.a.run.app","serviceAccountEmail":"326690015446-compute@developer.gserviceaccount.com","availableMemory":"256Mi","allTrafficOnLatestRevision":true,"secretEnvironmentVariables":[{"key":"THERMOSTAT_TOKEN","projectId":"wurdemaniot","secret":"THERMOSTAT_TOKEN","version":"4"}],"revision":"thermostatconfig-00006-juk","maxInstanceRequestConcurrency":80,"availableCpu":"1"},"state":"ACTIVE","labels":{"deployment-tool":"cli-firebase","firebase-functions-hash":"142026e679b786dc8649c7ef431fd2c1ba645033"},"environment":"GEN_2","url":"https://us-central1-wurdemaniot.cloudfunctions.net/thermostatConfig","satisfiesPzi":true},"stages":[{"name":"BUILD","message":"Build in progress","state":"IN_PROGRESS","resource":"projects/326690015446/locations/us-central1/builds/16543274-2691-45db-a2fe-5c70a1a94c41","resourceUri":"https://console.cloud.google.com/cloud-build/builds;region=us-central1/16543274-2691-45db-a2fe-5c70a1a94c41?project=326690015446"},{"name":"SERVICE","state":"NOT_STARTED"}],"operationType":"UPDATE_FUNCTION","buildName":"projects/326690015446/locations/us-central1/builds/16543274-2691-45db-a2fe-5c70a1a94c41"},"done":false}
[debug] [2026-01-11T19:29:49.078Z] [update-default-us-central1-config] Retrying task index 0
[debug] [2026-01-11T19:29:49.078Z] Checked if tokens are valid: true, expires at: 1768163338299
[debug] [2026-01-11T19:29:49.078Z] Checked if tokens are valid: true, expires at: 1768163338299
[debug] [2026-01-11T19:29:49.078Z] >>> [apiv2][query] GET https://cloudfunctions.googleapis.com/v2/projects/wurdemaniot/locations/us-central1/operations/operation-1768159752390-64821c5f28802-ea7eda5e-08373653 [none]
[debug] [2026-01-11T19:29:49.203Z] [update-default-us-central1-thermostatConfig] Retrying task index 0
[debug] [2026-01-11T19:29:49.203Z] Checked if tokens are valid: true, expires at: 1768163338299
[debug] [2026-01-11T19:29:49.203Z] Checked if tokens are valid: true, expires at: 1768163338299
[debug] [2026-01-11T19:29:49.203Z] >>> [apiv2][query] GET https://cloudfunctions.googleapis.com/v2/projects/wurdemaniot/locations/us-central1/operations/operation-1768159752393-64821c5f291f3-617ccb48-bbefe526 [none]
[debug] [2026-01-11T19:29:49.225Z] <<< [apiv2][status] GET https://cloudfunctions.googleapis.com/v2/projects/wurdemaniot/locations/us-central1/operations/operation-1768159752390-64821c5f28802-ea7eda5e-08373653 200
[debug] [2026-01-11T19:29:49.225Z] <<< [apiv2][body] GET https://cloudfunctions.googleapis.com/v2/projects/wurdemaniot/locations/us-central1/operations/operation-1768159752390-64821c5f28802-ea7eda5e-08373653 {"name":"projects/wurdemaniot/locations/us-central1/operations/operation-1768159752390-64821c5f28802-ea7eda5e-08373653","metadata":{"@type":"type.googleapis.com/google.cloud.functions.v2.OperationMetadata","createTime":"2026-01-11T19:29:13.014198627Z","target":"projects/wurdemaniot/locations/us-central1/functions/config","verb":"update","cancelRequested":false,"apiVersion":"v2","requestResource":{"@type":"type.googleapis.com/google.cloud.functions.v2.Function","name":"projects/wurdemaniot/locations/us-central1/functions/config","buildConfig":{"runtime":"nodejs20","entryPoint":"config","source":{"storageSource":{"bucket":"gcf-v2-sources-326690015446-us-central1","object":"config/function-source.zip","generation":"1768159752971126"}},"environmentVariables":{"GOOGLE_NODE_RUN_SCRIPTS":""},"dockerRepository":"projects/wurdemaniot/locations/us-central1/repositories/gcf-artifacts","sourceProvenance":{"resolvedStorageSource":{"bucket":"gcf-v2-sources-326690015446-us-central1","object":"config/function-source.zip","generation":"1768155807809601"}},"dockerRegistry":"ARTIFACT_REGISTRY","serviceAccount":"projects/wurdemaniot/serviceAccounts/326690015446-compute@developer.gserviceaccount.com","automaticUpdatePolicy":{}},"serviceConfig":{"service":"projects/wurdemaniot/locations/us-central1/services/config","timeoutSeconds":60,"environmentVariables":{"FIREBASE_CONFIG":"{\"projectId\":\"wurdemaniot\",\"databaseURL\":\"https://wurdemaniot-default-rtdb.firebaseio.com\",\"storageBucket\":\"wurdemaniot.firebasestorage.app\"}","GCLOUD_PROJECT":"wurdemaniot","EVENTARC_CLOUD_EVENT_SOURCE":"projects/wurdemaniot/locations/us-central1/services/config","FUNCTION_TARGET":"config","LOG_EXECUTION_ID":"true"},"ingressSettings":"ALLOW_ALL","uri":"https://config-dwoseol4ba-uc.a.run.app","serviceAccountEmail":"326690015446-compute@developer.gserviceaccount.com","availableMemory":"256Mi","allTrafficOnLatestRevision":true,"secretEnvironmentVariables":[{"key":"DEVICE_TOKEN","projectId":"wurdemaniot","secret":"DEVICE_TOKEN","version":"2"}],"revision":"config-00007-goh","maxInstanceRequestConcurrency":80,"availableCpu":"1"},"state":"ACTIVE","labels":{"deployment-tool":"cli-firebase","firebase-functions-hash":"8923e5e52e58d5b3f9b668a0f4eb02d223fd96b5"},"environment":"GEN_2","url":"https://us-central1-wurdemaniot.cloudfunctions.net/config","satisfiesPzi":true},"stages":[{"name":"BUILD","message":"Build in progress","state":"IN_PROGRESS","resource":"projects/326690015446/locations/us-central1/builds/f2f642df-ec28-4dbc-ae72-be588c7cab4e","resourceUri":"https://console.cloud.google.com/cloud-build/builds;region=us-central1/f2f642df-ec28-4dbc-ae72-be588c7cab4e?project=326690015446"},{"name":"SERVICE","state":"NOT_STARTED"}],"operationType":"UPDATE_FUNCTION","buildName":"projects/326690015446/locations/us-central1/builds/f2f642df-ec28-4dbc-ae72-be588c7cab4e"},"done":false}
[debug] [2026-01-11T19:29:49.372Z] <<< [apiv2][status] GET https://cloudfunctions.googleapis.com/v2/projects/wurdemaniot/locations/us-central1/operations/operation-1768159752393-64821c5f291f3-617ccb48-bbefe526 200
[debug] [2026-01-11T19:29:49.373Z] <<< [apiv2][body] GET https://cloudfunctions.googleapis.com/v2/projects/wurdemaniot/locations/us-central1/operations/operation-1768159752393-64821c5f291f3-617ccb48-bbefe526 {"name":"projects/wurdemaniot/locations/us-central1/operations/operation-1768159752393-64821c5f291f3-617ccb48-bbefe526","metadata":{"@type":"type.googleapis.com/google.cloud.functions.v2.OperationMetadata","createTime":"2026-01-11T19:29:13.196850831Z","target":"projects/wurdemaniot/locations/us-central1/functions/thermostatConfig","verb":"update","cancelRequested":false,"apiVersion":"v2","requestResource":{"@type":"type.googleapis.com/google.cloud.functions.v2.Function","name":"projects/wurdemaniot/locations/us-central1/functions/thermostatConfig","buildConfig":{"runtime":"nodejs20","entryPoint":"thermostatConfig","source":{"storageSource":{"bucket":"gcf-v2-sources-326690015446-us-central1","object":"thermostatConfig/function-source.zip","generation":"1768159753154751"}},"environmentVariables":{"GOOGLE_NODE_RUN_SCRIPTS":""},"dockerRepository":"projects/wurdemaniot/locations/us-central1/repositories/gcf-artifacts","sourceProvenance":{"resolvedStorageSource":{"bucket":"gcf-v2-sources-326690015446-us-central1","object":"thermostatConfig/function-source.zip","generation":"1768155807755329"}},"dockerRegistry":"ARTIFACT_REGISTRY","serviceAccount":"projects/wurdemaniot/serviceAccounts/326690015446-compute@developer.gserviceaccount.com","automaticUpdatePolicy":{}},"serviceConfig":{"service":"projects/wurdemaniot/locations/us-central1/services/thermostatconfig","timeoutSeconds":60,"environmentVariables":{"FIREBASE_CONFIG":"{\"projectId\":\"wurdemaniot\",\"databaseURL\":\"https://wurdemaniot-default-rtdb.firebaseio.com\",\"storageBucket\":\"wurdemaniot.firebasestorage.app\"}","GCLOUD_PROJECT":"wurdemaniot","EVENTARC_CLOUD_EVENT_SOURCE":"projects/wurdemaniot/locations/us-central1/services/thermostatConfig","FUNCTION_TARGET":"thermostatConfig","LOG_EXECUTION_ID":"true"},"ingressSettings":"ALLOW_ALL","uri":"https://thermostatconfig-dwoseol4ba-uc.a.run.app","serviceAccountEmail":"326690015446-compute@developer.gserviceaccount.com","availableMemory":"256Mi","allTrafficOnLatestRevision":true,"secretEnvironmentVariables":[{"key":"THERMOSTAT_TOKEN","projectId":"wurdemaniot","secret":"THERMOSTAT_TOKEN","version":"4"}],"revision":"thermostatconfig-00006-juk","maxInstanceRequestConcurrency":80,"availableCpu":"1"},"state":"ACTIVE","labels":{"deployment-tool":"cli-firebase","firebase-functions-hash":"142026e679b786dc8649c7ef431fd2c1ba645033"},"environment":"GEN_2","url":"https://us-central1-wurdemaniot.cloudfunctions.net/thermostatConfig","satisfiesPzi":true},"stages":[{"name":"BUILD","message":"Build in progress","state":"IN_PROGRESS","resource":"projects/326690015446/locations/us-central1/builds/16543274-2691-45db-a2fe-5c70a1a94c41","resourceUri":"https://console.cloud.google.com/cloud-build/builds;region=us-central1/16543274-2691-45db-a2fe-5c70a1a94c41?project=326690015446"},{"name":"SERVICE","state":"NOT_STARTED"}],"operationType":"UPDATE_FUNCTION","buildName":"projects/326690015446/locations/us-central1/builds/16543274-2691-45db-a2fe-5c70a1a94c41"},"done":false}
[debug] [2026-01-11T19:29:59.257Z] [update-default-us-central1-config] Retrying task index 0
[debug] [2026-01-11T19:29:59.257Z] Checked if tokens are valid: true, expires at: 1768163338299
[debug] [2026-01-11T19:29:59.258Z] Checked if tokens are valid: true, expires at: 1768163338299
[debug] [2026-01-11T19:29:59.258Z] >>> [apiv2][query] GET https://cloudfunctions.googleapis.com/v2/projects/wurdemaniot/locations/us-central1/operations/operation-1768159752390-64821c5f28802-ea7eda5e-08373653 [none]
[debug] [2026-01-11T19:29:59.382Z] [update-default-us-central1-thermostatConfig] Retrying task index 0
[debug] [2026-01-11T19:29:59.383Z] Checked if tokens are valid: true, expires at: 1768163338299
[debug] [2026-01-11T19:29:59.383Z] Checked if tokens are valid: true, expires at: 1768163338299
[debug] [2026-01-11T19:29:59.383Z] >>> [apiv2][query] GET https://cloudfunctions.googleapis.com/v2/projects/wurdemaniot/locations/us-central1/operations/operation-1768159752393-64821c5f291f3-617ccb48-bbefe526 [none]
[debug] [2026-01-11T19:29:59.398Z] <<< [apiv2][status] GET https://cloudfunctions.googleapis.com/v2/projects/wurdemaniot/locations/us-central1/operations/operation-1768159752390-64821c5f28802-ea7eda5e-08373653 200
[debug] [2026-01-11T19:29:59.398Z] <<< [apiv2][body] GET https://cloudfunctions.googleapis.com/v2/projects/wurdemaniot/locations/us-central1/operations/operation-1768159752390-64821c5f28802-ea7eda5e-08373653 {"name":"projects/wurdemaniot/locations/us-central1/operations/operation-1768159752390-64821c5f28802-ea7eda5e-08373653","metadata":{"@type":"type.googleapis.com/google.cloud.functions.v2.OperationMetadata","createTime":"2026-01-11T19:29:13.014198627Z","target":"projects/wurdemaniot/locations/us-central1/functions/config","verb":"update","cancelRequested":false,"apiVersion":"v2","requestResource":{"@type":"type.googleapis.com/google.cloud.functions.v2.Function","name":"projects/wurdemaniot/locations/us-central1/functions/config","buildConfig":{"runtime":"nodejs20","entryPoint":"config","source":{"storageSource":{"bucket":"gcf-v2-sources-326690015446-us-central1","object":"config/function-source.zip","generation":"1768159752971126"}},"environmentVariables":{"GOOGLE_NODE_RUN_SCRIPTS":""},"dockerRepository":"projects/wurdemaniot/locations/us-central1/repositories/gcf-artifacts","sourceProvenance":{"resolvedStorageSource":{"bucket":"gcf-v2-sources-326690015446-us-central1","object":"config/function-source.zip","generation":"1768155807809601"}},"dockerRegistry":"ARTIFACT_REGISTRY","serviceAccount":"projects/wurdemaniot/serviceAccounts/326690015446-compute@developer.gserviceaccount.com","automaticUpdatePolicy":{}},"serviceConfig":{"service":"projects/wurdemaniot/locations/us-central1/services/config","timeoutSeconds":60,"environmentVariables":{"FIREBASE_CONFIG":"{\"projectId\":\"wurdemaniot\",\"databaseURL\":\"https://wurdemaniot-default-rtdb.firebaseio.com\",\"storageBucket\":\"wurdemaniot.firebasestorage.app\"}","GCLOUD_PROJECT":"wurdemaniot","EVENTARC_CLOUD_EVENT_SOURCE":"projects/wurdemaniot/locations/us-central1/services/config","FUNCTION_TARGET":"config","LOG_EXECUTION_ID":"true"},"ingressSettings":"ALLOW_ALL","uri":"https://config-dwoseol4ba-uc.a.run.app","serviceAccountEmail":"326690015446-compute@developer.gserviceaccount.com","availableMemory":"256Mi","allTrafficOnLatestRevision":true,"secretEnvironmentVariables":[{"key":"DEVICE_TOKEN","projectId":"wurdemaniot","secret":"DEVICE_TOKEN","version":"2"}],"revision":"config-00007-goh","maxInstanceRequestConcurrency":80,"availableCpu":"1"},"state":"ACTIVE","labels":{"deployment-tool":"cli-firebase","firebase-functions-hash":"8923e5e52e58d5b3f9b668a0f4eb02d223fd96b5"},"environment":"GEN_2","url":"https://us-central1-wurdemaniot.cloudfunctions.net/config","satisfiesPzi":true},"stages":[{"name":"BUILD","message":"Build in progress","state":"IN_PROGRESS","resource":"projects/326690015446/locations/us-central1/builds/f2f642df-ec28-4dbc-ae72-be588c7cab4e","resourceUri":"https://console.cloud.google.com/cloud-build/builds;region=us-central1/f2f642df-ec28-4dbc-ae72-be588c7cab4e?project=326690015446"},{"name":"SERVICE","state":"NOT_STARTED"}],"operationType":"UPDATE_FUNCTION","buildName":"projects/326690015446/locations/us-central1/builds/f2f642df-ec28-4dbc-ae72-be588c7cab4e"},"done":false}
[debug] [2026-01-11T19:29:59.526Z] <<< [apiv2][status] GET https://cloudfunctions.googleapis.com/v2/projects/wurdemaniot/locations/us-central1/operations/operation-1768159752393-64821c5f291f3-617ccb48-bbefe526 200
[debug] [2026-01-11T19:29:59.526Z] <<< [apiv2][body] GET https://cloudfunctions.googleapis.com/v2/projects/wurdemaniot/locations/us-central1/operations/operation-1768159752393-64821c5f291f3-617ccb48-bbefe526 {"name":"projects/wurdemaniot/locations/us-central1/operations/operation-1768159752393-64821c5f291f3-617ccb48-bbefe526","metadata":{"@type":"type.googleapis.com/google.cloud.functions.v2.OperationMetadata","createTime":"2026-01-11T19:29:13.196850831Z","target":"projects/wurdemaniot/locations/us-central1/functions/thermostatConfig","verb":"update","cancelRequested":false,"apiVersion":"v2","requestResource":{"@type":"type.googleapis.com/google.cloud.functions.v2.Function","name":"projects/wurdemaniot/locations/us-central1/functions/thermostatConfig","buildConfig":{"runtime":"nodejs20","entryPoint":"thermostatConfig","source":{"storageSource":{"bucket":"gcf-v2-sources-326690015446-us-central1","object":"thermostatConfig/function-source.zip","generation":"1768159753154751"}},"environmentVariables":{"GOOGLE_NODE_RUN_SCRIPTS":""},"dockerRepository":"projects/wurdemaniot/locations/us-central1/repositories/gcf-artifacts","sourceProvenance":{"resolvedStorageSource":{"bucket":"gcf-v2-sources-326690015446-us-central1","object":"thermostatConfig/function-source.zip","generation":"1768155807755329"}},"dockerRegistry":"ARTIFACT_REGISTRY","serviceAccount":"projects/wurdemaniot/serviceAccounts/326690015446-compute@developer.gserviceaccount.com","automaticUpdatePolicy":{}},"serviceConfig":{"service":"projects/wurdemaniot/locations/us-central1/services/thermostatconfig","timeoutSeconds":60,"environmentVariables":{"FIREBASE_CONFIG":"{\"projectId\":\"wurdemaniot\",\"databaseURL\":\"https://wurdemaniot-default-rtdb.firebaseio.com\",\"storageBucket\":\"wurdemaniot.firebasestorage.app\"}","GCLOUD_PROJECT":"wurdemaniot","EVENTARC_CLOUD_EVENT_SOURCE":"projects/wurdemaniot/locations/us-central1/services/thermostatConfig","FUNCTION_TARGET":"thermostatConfig","LOG_EXECUTION_ID":"true"},"ingressSettings":"ALLOW_ALL","uri":"https://thermostatconfig-dwoseol4ba-uc.a.run.app","serviceAccountEmail":"326690015446-compute@developer.gserviceaccount.com","availableMemory":"256Mi","allTrafficOnLatestRevision":true,"secretEnvironmentVariables":[{"key":"THERMOSTAT_TOKEN","projectId":"wurdemaniot","secret":"THERMOSTAT_TOKEN","version":"4"}],"revision":"thermostatconfig-00006-juk","maxInstanceRequestConcurrency":80,"availableCpu":"1"},"state":"ACTIVE","labels":{"deployment-tool":"cli-firebase","firebase-functions-hash":"142026e679b786dc8649c7ef431fd2c1ba645033"},"environment":"GEN_2","url":"https://us-central1-wurdemaniot.cloudfunctions.net/thermostatConfig","satisfiesPzi":true},"stages":[{"name":"BUILD","message":"Build finished","state":"COMPLETE","resource":"projects/326690015446/locations/us-central1/builds/16543274-2691-45db-a2fe-5c70a1a94c41","resourceUri":"https://console.cloud.google.com/cloud-build/builds;region=us-central1/16543274-2691-45db-a2fe-5c70a1a94c41?project=326690015446"},{"name":"SERVICE","message":"Updating Cloud Run service","state":"IN_PROGRESS","resource":"projects/wurdemaniot/locations/us-central1/services/thermostatconfig","resourceUri":"https://console.cloud.google.com/run/detail/us-central1/thermostatconfig?project=wurdemaniot","stateMessages":[{"severity":"INFO","type":"CloudRunServiceNewRevisionTrafficInfo","message":"A new revision will be deployed serving with 100% traffic."}]}],"sourceToken":"Cldwcm9qZWN0cy8zMjY2OTAwMTU0NDYvbG9jYXRpb25zL3VzLWNlbnRyYWwxL2J1aWxkcy8xNjU0MzI3NC0yNjkxLTQ1ZGItYTJmZS01YzcwYTFhOTRjNDESa3VzLWNlbnRyYWwxLWRvY2tlci5wa2cuZGV2L3d1cmRlbWFuaW90L2djZi1hcnRpZmFjdHMvd3VyZGVtYW5pb3RfX3VzLS1jZW50cmFsMV9fdGhlcm1vc3RhdF9jb25maWc6dmVyc2lvbl8xGNaR+IHBCSJFcHJvamVjdHMvd3VyZGVtYW5pb3QvbG9jYXRpb25zL3VzLWNlbnRyYWwxL2Z1bmN0aW9ucy90aGVybW9zdGF0Q29uZmlnKgwItPSPywYQuMb4qwMyCG5vZGVqczIwOnYKI2djci5pby9nYWUtcnVudGltZXMvbm9kZWpzMjA6c3RhYmxlEk91cy1jZW50cmFsMS1kb2NrZXIucGtnLmRldi9zZXJ2ZXJsZXNzLXJ1bnRpbWVzL2dvb2dsZS0yMi1mdWxsL3J1bnRpbWVzL25vZGVqczIwQAE=","operationType":"UPDATE_FUNCTION","buildName":"projects/326690015446/locations/us-central1/builds/16543274-2691-45db-a2fe-5c70a1a94c41"},"done":false}
[debug] [2026-01-11T19:29:59.526Z] Got source token Cldwcm9qZWN0cy8zMjY2OTAwMTU0NDYvbG9jYXRpb25zL3VzLWNlbnRyYWwxL2J1aWxkcy8xNjU0MzI3NC0yNjkxLTQ1ZGItYTJmZS01YzcwYTFhOTRjNDESa3VzLWNlbnRyYWwxLWRvY2tlci5wa2cuZGV2L3d1cmRlbWFuaW90L2djZi1hcnRpZmFjdHMvd3VyZGVtYW5pb3RfX3VzLS1jZW50cmFsMV9fdGhlcm1vc3RhdF9jb25maWc6dmVyc2lvbl8xGNaR+IHBCSJFcHJvamVjdHMvd3VyZGVtYW5pb3QvbG9jYXRpb25zL3VzLWNlbnRyYWwxL2Z1bmN0aW9ucy90aGVybW9zdGF0Q29uZmlnKgwItPSPywYQuMb4qwMyCG5vZGVqczIwOnYKI2djci5pby9nYWUtcnVudGltZXMvbm9kZWpzMjA6c3RhYmxlEk91cy1jZW50cmFsMS1kb2NrZXIucGtnLmRldi9zZXJ2ZXJsZXNzLXJ1bnRpbWVzL2dvb2dsZS0yMi1mdWxsL3J1bnRpbWVzL25vZGVqczIwQAE= for region us-central1
[debug] [2026-01-11T19:30:09.408Z] [update-default-us-central1-config] Retrying task index 0
[debug] [2026-01-11T19:30:09.408Z] Checked if tokens are valid: true, expires at: 1768163338299
[debug] [2026-01-11T19:30:09.408Z] Checked if tokens are valid: true, expires at: 1768163338299
[debug] [2026-01-11T19:30:09.408Z] >>> [apiv2][query] GET https://cloudfunctions.googleapis.com/v2/projects/wurdemaniot/locations/us-central1/operations/operation-1768159752390-64821c5f28802-ea7eda5e-08373653 [none]
[debug] [2026-01-11T19:30:09.542Z] [update-default-us-central1-thermostatConfig] Retrying task index 0
[debug] [2026-01-11T19:30:09.543Z] Checked if tokens are valid: true, expires at: 1768163338299
[debug] [2026-01-11T19:30:09.543Z] Checked if tokens are valid: true, expires at: 1768163338299
[debug] [2026-01-11T19:30:09.543Z] >>> [apiv2][query] GET https://cloudfunctions.googleapis.com/v2/projects/wurdemaniot/locations/us-central1/operations/operation-1768159752393-64821c5f291f3-617ccb48-bbefe526 [none]
[debug] [2026-01-11T19:30:09.563Z] <<< [apiv2][status] GET https://cloudfunctions.googleapis.com/v2/projects/wurdemaniot/locations/us-central1/operations/operation-1768159752390-64821c5f28802-ea7eda5e-08373653 200
[debug] [2026-01-11T19:30:09.563Z] <<< [apiv2][body] GET https://cloudfunctions.googleapis.com/v2/projects/wurdemaniot/locations/us-central1/operations/operation-1768159752390-64821c5f28802-ea7eda5e-08373653 {"name":"projects/wurdemaniot/locations/us-central1/operations/operation-1768159752390-64821c5f28802-ea7eda5e-08373653","metadata":{"@type":"type.googleapis.com/google.cloud.functions.v2.OperationMetadata","createTime":"2026-01-11T19:29:13.014198627Z","endTime":"2026-01-11T19:30:07.385626720Z","target":"projects/wurdemaniot/locations/us-central1/functions/config","verb":"update","cancelRequested":false,"apiVersion":"v2","requestResource":{"@type":"type.googleapis.com/google.cloud.functions.v2.Function","name":"projects/wurdemaniot/locations/us-central1/functions/config","buildConfig":{"runtime":"nodejs20","entryPoint":"config","source":{"storageSource":{"bucket":"gcf-v2-sources-326690015446-us-central1","object":"config/function-source.zip","generation":"1768159752971126"}},"environmentVariables":{"GOOGLE_NODE_RUN_SCRIPTS":""},"dockerRepository":"projects/wurdemaniot/locations/us-central1/repositories/gcf-artifacts","sourceProvenance":{"resolvedStorageSource":{"bucket":"gcf-v2-sources-326690015446-us-central1","object":"config/function-source.zip","generation":"1768155807809601"}},"dockerRegistry":"ARTIFACT_REGISTRY","serviceAccount":"projects/wurdemaniot/serviceAccounts/326690015446-compute@developer.gserviceaccount.com","automaticUpdatePolicy":{}},"serviceConfig":{"service":"projects/wurdemaniot/locations/us-central1/services/config","timeoutSeconds":60,"environmentVariables":{"FIREBASE_CONFIG":"{\"projectId\":\"wurdemaniot\",\"databaseURL\":\"https://wurdemaniot-default-rtdb.firebaseio.com\",\"storageBucket\":\"wurdemaniot.firebasestorage.app\"}","GCLOUD_PROJECT":"wurdemaniot","EVENTARC_CLOUD_EVENT_SOURCE":"projects/wurdemaniot/locations/us-central1/services/config","FUNCTION_TARGET":"config","LOG_EXECUTION_ID":"true"},"ingressSettings":"ALLOW_ALL","uri":"https://config-dwoseol4ba-uc.a.run.app","serviceAccountEmail":"326690015446-compute@developer.gserviceaccount.com","availableMemory":"256Mi","allTrafficOnLatestRevision":true,"secretEnvironmentVariables":[{"key":"DEVICE_TOKEN","projectId":"wurdemaniot","secret":"DEVICE_TOKEN","version":"2"}],"revision":"config-00007-goh","maxInstanceRequestConcurrency":80,"availableCpu":"1"},"state":"ACTIVE","labels":{"deployment-tool":"cli-firebase","firebase-functions-hash":"8923e5e52e58d5b3f9b668a0f4eb02d223fd96b5"},"environment":"GEN_2","url":"https://us-central1-wurdemaniot.cloudfunctions.net/config","satisfiesPzi":true},"stages":[{"name":"BUILD","message":"Build finished","state":"COMPLETE","resource":"projects/326690015446/locations/us-central1/builds/f2f642df-ec28-4dbc-ae72-be588c7cab4e","resourceUri":"https://console.cloud.google.com/cloud-build/builds;region=us-central1/f2f642df-ec28-4dbc-ae72-be588c7cab4e?project=326690015446"},{"name":"SERVICE","message":"Updating Cloud Run service","state":"COMPLETE","resource":"projects/wurdemaniot/locations/us-central1/services/config","resourceUri":"https://console.cloud.google.com/run/detail/us-central1/config?project=wurdemaniot","stateMessages":[{"severity":"INFO","type":"CloudRunServiceNewRevisionTrafficInfo","message":"A new revision will be deployed serving with 100% traffic."}]}],"sourceToken":"Cldwcm9qZWN0cy8zMjY2OTAwMTU0NDYvbG9jYXRpb25zL3VzLWNlbnRyYWwxL2J1aWxkcy9mMmY2NDJkZi1lYzI4LTRkYmMtYWU3Mi1iZTU4OGM3Y2FiNGUSYHVzLWNlbnRyYWwxLWRvY2tlci5wa2cuZGV2L3d1cmRlbWFuaW90L2djZi1hcnRpZmFjdHMvd3VyZGVtYW5pb3RfX3VzLS1jZW50cmFsMV9fY29uZmlnOnZlcnNpb25fMRjWkfiBwQkiO3Byb2plY3RzL3d1cmRlbWFuaW90L2xvY2F0aW9ucy91cy1jZW50cmFsMS9mdW5jdGlvbnMvY29uZmlnKgwIt/SPywYQ0O3iuwMyCG5vZGVqczIwOnYKI2djci5pby9nYWUtcnVudGltZXMvbm9kZWpzMjA6c3RhYmxlEk91cy1jZW50cmFsMS1kb2NrZXIucGtnLmRldi9zZXJ2ZXJsZXNzLXJ1bnRpbWVzL2dvb2dsZS0yMi1mdWxsL3J1bnRpbWVzL25vZGVqczIwQAE=","operationType":"UPDATE_FUNCTION","buildName":"projects/326690015446/locations/us-central1/builds/f2f642df-ec28-4dbc-ae72-be588c7cab4e"},"done":true,"response":{"@type":"type.googleapis.com/google.cloud.functions.v2.Function","name":"projects/wurdemaniot/locations/us-central1/functions/config","buildConfig":{"build":"projects/326690015446/locations/us-central1/builds/f2f642df-ec28-4dbc-ae72-be588c7cab4e","runtime":"nodejs20","entryPoint":"config","source":{"storageSource":{"bucket":"gcf-v2-sources-326690015446-us-central1","object":"config/function-source.zip","generation":"1768159752971126"}},"environmentVariables":{"GOOGLE_NODE_RUN_SCRIPTS":""},"dockerRepository":"projects/wurdemaniot/locations/us-central1/repositories/gcf-artifacts","sourceProvenance":{"resolvedStorageSource":{"bucket":"gcf-v2-sources-326690015446-us-central1","object":"config/function-source.zip","generation":"1768159752971126"}},"dockerRegistry":"ARTIFACT_REGISTRY","serviceAccount":"projects/wurdemaniot/serviceAccounts/326690015446-compute@developer.gserviceaccount.com","automaticUpdatePolicy":{}},"serviceConfig":{"service":"projects/wurdemaniot/locations/us-central1/services/config","timeoutSeconds":60,"environmentVariables":{"FIREBASE_CONFIG":"{\"projectId\":\"wurdemaniot\",\"databaseURL\":\"https://wurdemaniot-default-rtdb.firebaseio.com\",\"storageBucket\":\"wurdemaniot.firebasestorage.app\"}","GCLOUD_PROJECT":"wurdemaniot","EVENTARC_CLOUD_EVENT_SOURCE":"projects/wurdemaniot/locations/us-central1/services/config","FUNCTION_TARGET":"config","LOG_EXECUTION_ID":"true"},"maxInstanceCount":12,"ingressSettings":"ALLOW_ALL","uri":"https://config-dwoseol4ba-uc.a.run.app","serviceAccountEmail":"326690015446-compute@developer.gserviceaccount.com","availableMemory":"256Mi","allTrafficOnLatestRevision":true,"secretEnvironmentVariables":[{"key":"DEVICE_TOKEN","projectId":"wurdemaniot","secret":"DEVICE_TOKEN","version":"2"}],"revision":"config-00008-cuw","maxInstanceRequestConcurrency":80,"availableCpu":"1"},"state":"ACTIVE","updateTime":"2026-01-11T19:29:13.016287946Z","labels":{"deployment-tool":"cli-firebase","firebase-functions-hash":"8923e5e52e58d5b3f9b668a0f4eb02d223fd96b5"},"environment":"GEN_2","url":"https://us-central1-wurdemaniot.cloudfunctions.net/config","createTime":"2026-01-06T13:53:49.773752704Z","satisfiesPzi":true}}
[debug] [2026-01-11T19:30:09.563Z] Got source token Cldwcm9qZWN0cy8zMjY2OTAwMTU0NDYvbG9jYXRpb25zL3VzLWNlbnRyYWwxL2J1aWxkcy9mMmY2NDJkZi1lYzI4LTRkYmMtYWU3Mi1iZTU4OGM3Y2FiNGUSYHVzLWNlbnRyYWwxLWRvY2tlci5wa2cuZGV2L3d1cmRlbWFuaW90L2djZi1hcnRpZmFjdHMvd3VyZGVtYW5pb3RfX3VzLS1jZW50cmFsMV9fY29uZmlnOnZlcnNpb25fMRjWkfiBwQkiO3Byb2plY3RzL3d1cmRlbWFuaW90L2xvY2F0aW9ucy91cy1jZW50cmFsMS9mdW5jdGlvbnMvY29uZmlnKgwIt/SPywYQ0O3iuwMyCG5vZGVqczIwOnYKI2djci5pby9nYWUtcnVudGltZXMvbm9kZWpzMjA6c3RhYmxlEk91cy1jZW50cmFsMS1kb2NrZXIucGtnLmRldi9zZXJ2ZXJsZXNzLXJ1bnRpbWVzL2dvb2dsZS0yMi1mdWxsL3J1bnRpbWVzL25vZGVqczIwQAE= for region us-central1
[info] +  functions[config(us-central1)] Successful update operation. 
[debug] [2026-01-11T19:30:09.679Z] <<< [apiv2][status] GET https://cloudfunctions.googleapis.com/v2/projects/wurdemaniot/locations/us-central1/operations/operation-1768159752393-64821c5f291f3-617ccb48-bbefe526 200
[debug] [2026-01-11T19:30:09.679Z] <<< [apiv2][body] GET https://cloudfunctions.googleapis.com/v2/projects/wurdemaniot/locations/us-central1/operations/operation-1768159752393-64821c5f291f3-617ccb48-bbefe526 {"name":"projects/wurdemaniot/locations/us-central1/operations/operation-1768159752393-64821c5f291f3-617ccb48-bbefe526","metadata":{"@type":"type.googleapis.com/google.cloud.functions.v2.OperationMetadata","createTime":"2026-01-11T19:29:13.196850831Z","endTime":"2026-01-11T19:30:04.966268243Z","target":"projects/wurdemaniot/locations/us-central1/functions/thermostatConfig","verb":"update","cancelRequested":false,"apiVersion":"v2","requestResource":{"@type":"type.googleapis.com/google.cloud.functions.v2.Function","name":"projects/wurdemaniot/locations/us-central1/functions/thermostatConfig","buildConfig":{"runtime":"nodejs20","entryPoint":"thermostatConfig","source":{"storageSource":{"bucket":"gcf-v2-sources-326690015446-us-central1","object":"thermostatConfig/function-source.zip","generation":"1768159753154751"}},"environmentVariables":{"GOOGLE_NODE_RUN_SCRIPTS":""},"dockerRepository":"projects/wurdemaniot/locations/us-central1/repositories/gcf-artifacts","sourceProvenance":{"resolvedStorageSource":{"bucket":"gcf-v2-sources-326690015446-us-central1","object":"thermostatConfig/function-source.zip","generation":"1768155807755329"}},"dockerRegistry":"ARTIFACT_REGISTRY","serviceAccount":"projects/wurdemaniot/serviceAccounts/326690015446-compute@developer.gserviceaccount.com","automaticUpdatePolicy":{}},"serviceConfig":{"service":"projects/wurdemaniot/locations/us-central1/services/thermostatconfig","timeoutSeconds":60,"environmentVariables":{"FIREBASE_CONFIG":"{\"projectId\":\"wurdemaniot\",\"databaseURL\":\"https://wurdemaniot-default-rtdb.firebaseio.com\",\"storageBucket\":\"wurdemaniot.firebasestorage.app\"}","GCLOUD_PROJECT":"wurdemaniot","EVENTARC_CLOUD_EVENT_SOURCE":"projects/wurdemaniot/locations/us-central1/services/thermostatConfig","FUNCTION_TARGET":"thermostatConfig","LOG_EXECUTION_ID":"true"},"ingressSettings":"ALLOW_ALL","uri":"https://thermostatconfig-dwoseol4ba-uc.a.run.app","serviceAccountEmail":"326690015446-compute@developer.gserviceaccount.com","availableMemory":"256Mi","allTrafficOnLatestRevision":true,"secretEnvironmentVariables":[{"key":"THERMOSTAT_TOKEN","projectId":"wurdemaniot","secret":"THERMOSTAT_TOKEN","version":"4"}],"revision":"thermostatconfig-00006-juk","maxInstanceRequestConcurrency":80,"availableCpu":"1"},"state":"ACTIVE","labels":{"deployment-tool":"cli-firebase","firebase-functions-hash":"142026e679b786dc8649c7ef431fd2c1ba645033"},"environment":"GEN_2","url":"https://us-central1-wurdemaniot.cloudfunctions.net/thermostatConfig","satisfiesPzi":true},"stages":[{"name":"BUILD","message":"Build finished","state":"COMPLETE","resource":"projects/326690015446/locations/us-central1/builds/16543274-2691-45db-a2fe-5c70a1a94c41","resourceUri":"https://console.cloud.google.com/cloud-build/builds;region=us-central1/16543274-2691-45db-a2fe-5c70a1a94c41?project=326690015446"},{"name":"SERVICE","message":"Updating Cloud Run service","state":"COMPLETE","resource":"projects/wurdemaniot/locations/us-central1/services/thermostatconfig","resourceUri":"https://console.cloud.google.com/run/detail/us-central1/thermostatconfig?project=wurdemaniot","stateMessages":[{"severity":"INFO","type":"CloudRunServiceNewRevisionTrafficInfo","message":"A new revision will be deployed serving with 100% traffic."}]}],"sourceToken":"Cldwcm9qZWN0cy8zMjY2OTAwMTU0NDYvbG9jYXRpb25zL3VzLWNlbnRyYWwxL2J1aWxkcy8xNjU0MzI3NC0yNjkxLTQ1ZGItYTJmZS01YzcwYTFhOTRjNDESa3VzLWNlbnRyYWwxLWRvY2tlci5wa2cuZGV2L3d1cmRlbWFuaW90L2djZi1hcnRpZmFjdHMvd3VyZGVtYW5pb3RfX3VzLS1jZW50cmFsMV9fdGhlcm1vc3RhdF9jb25maWc6dmVyc2lvbl8xGNaR+IHBCSJFcHJvamVjdHMvd3VyZGVtYW5pb3QvbG9jYXRpb25zL3VzLWNlbnRyYWwxL2Z1bmN0aW9ucy90aGVybW9zdGF0Q29uZmlnKgwItPSPywYQuMb4qwMyCG5vZGVqczIwOnYKI2djci5pby9nYWUtcnVudGltZXMvbm9kZWpzMjA6c3RhYmxlEk91cy1jZW50cmFsMS1kb2NrZXIucGtnLmRldi9zZXJ2ZXJsZXNzLXJ1bnRpbWVzL2dvb2dsZS0yMi1mdWxsL3J1bnRpbWVzL25vZGVqczIwQAE=","operationType":"UPDATE_FUNCTION","buildName":"projects/326690015446/locations/us-central1/builds/16543274-2691-45db-a2fe-5c70a1a94c41"},"done":true,"response":{"@type":"type.googleapis.com/google.cloud.functions.v2.Function","name":"projects/wurdemaniot/locations/us-central1/functions/thermostatConfig","buildConfig":{"build":"projects/326690015446/locations/us-central1/builds/16543274-2691-45db-a2fe-5c70a1a94c41","runtime":"nodejs20","entryPoint":"thermostatConfig","source":{"storageSource":{"bucket":"gcf-v2-sources-326690015446-us-central1","object":"thermostatConfig/function-source.zip","generation":"1768159753154751"}},"environmentVariables":{"GOOGLE_NODE_RUN_SCRIPTS":""},"dockerRepository":"projects/wurdemaniot/locations/us-central1/repositories/gcf-artifacts","sourceProvenance":{"resolvedStorageSource":{"bucket":"gcf-v2-sources-326690015446-us-central1","object":"thermostatConfig/function-source.zip","generation":"1768159753154751"}},"dockerRegistry":"ARTIFACT_REGISTRY","serviceAccount":"projects/wurdemaniot/serviceAccounts/326690015446-compute@developer.gserviceaccount.com","automaticUpdatePolicy":{}},"serviceConfig":{"service":"projects/wurdemaniot/locations/us-central1/services/thermostatconfig","timeoutSeconds":60,"environmentVariables":{"FIREBASE_CONFIG":"{\"projectId\":\"wurdemaniot\",\"databaseURL\":\"https://wurdemaniot-default-rtdb.firebaseio.com\",\"storageBucket\":\"wurdemaniot.firebasestorage.app\"}","GCLOUD_PROJECT":"wurdemaniot","EVENTARC_CLOUD_EVENT_SOURCE":"projects/wurdemaniot/locations/us-central1/services/thermostatConfig","FUNCTION_TARGET":"thermostatConfig","LOG_EXECUTION_ID":"true"},"maxInstanceCount":12,"ingressSettings":"ALLOW_ALL","uri":"https://thermostatconfig-dwoseol4ba-uc.a.run.app","serviceAccountEmail":"326690015446-compute@developer.gserviceaccount.com","availableMemory":"256Mi","allTrafficOnLatestRevision":true,"secretEnvironmentVariables":[{"key":"THERMOSTAT_TOKEN","projectId":"wurdemaniot","secret":"THERMOSTAT_TOKEN","version":"4"}],"revision":"thermostatconfig-00007-viz","maxInstanceRequestConcurrency":80,"availableCpu":"1"},"state":"ACTIVE","updateTime":"2026-01-11T19:29:13.198585639Z","labels":{"deployment-tool":"cli-firebase","firebase-functions-hash":"142026e679b786dc8649c7ef431fd2c1ba645033"},"environment":"GEN_2","url":"https://us-central1-wurdemaniot.cloudfunctions.net/thermostatConfig","createTime":"2026-01-11T07:26:15.518075645Z","satisfiesPzi":true}}
[debug] [2026-01-11T19:30:09.679Z] Got source token Cldwcm9qZWN0cy8zMjY2OTAwMTU0NDYvbG9jYXRpb25zL3VzLWNlbnRyYWwxL2J1aWxkcy8xNjU0MzI3NC0yNjkxLTQ1ZGItYTJmZS01YzcwYTFhOTRjNDESa3VzLWNlbnRyYWwxLWRvY2tlci5wa2cuZGV2L3d1cmRlbWFuaW90L2djZi1hcnRpZmFjdHMvd3VyZGVtYW5pb3RfX3VzLS1jZW50cmFsMV9fdGhlcm1vc3RhdF9jb25maWc6dmVyc2lvbl8xGNaR+IHBCSJFcHJvamVjdHMvd3VyZGVtYW5pb3QvbG9jYXRpb25zL3VzLWNlbnRyYWwxL2Z1bmN0aW9ucy90aGVybW9zdGF0Q29uZmlnKgwItPSPywYQuMb4qwMyCG5vZGVqczIwOnYKI2djci5pby9nYWUtcnVudGltZXMvbm9kZWpzMjA6c3RhYmxlEk91cy1jZW50cmFsMS1kb2NrZXIucGtnLmRldi9zZXJ2ZXJsZXNzLXJ1bnRpbWVzL2dvb2dsZS0yMi1mdWxsL3J1bnRpbWVzL25vZGVqczIwQAE= for region us-central1
[info] +  functions[thermostatConfig(us-central1)] Successful update operation. 
[debug] [2026-01-11T19:30:09.688Z] Total Function Deployment time: 57594
[debug] [2026-01-11T19:30:09.688Z] 3 Functions Deployed
[debug] [2026-01-11T19:30:09.688Z] 1 Functions Errored
[debug] [2026-01-11T19:30:09.688Z] 0 Function Deployments Aborted
[debug] [2026-01-11T19:30:09.688Z] Average Function Deployment time: 38503.666666666664
[info] 
[info] Functions deploy had errors with the following functions:
	ingest(us-central1)
[debug] [2026-01-11T19:30:09.803Z] Not printing URL for HTTPS function. Typically this means it didn't match a filter or we failed deployment
[info] Function URL (config(us-central1)): https://config-dwoseol4ba-uc.a.run.app
[debug] [2026-01-11T19:30:09.804Z] Not printing URL for HTTPS function. Typically this means it didn't match a filter or we failed deployment
[info] Function URL (thermostatConfig(us-central1)): https://thermostatconfig-dwoseol4ba-uc.a.run.app
[debug] [2026-01-11T19:30:09.804Z] Checked if tokens are valid: true, expires at: 1768163338299
[debug] [2026-01-11T19:30:09.805Z] Checked if tokens are valid: true, expires at: 1768163338299
[debug] [2026-01-11T19:30:09.805Z] >>> [apiv2][query] GET https://artifactregistry.googleapis.com/v1/projects/wurdemaniot/locations/us-central1/repositories/gcf-artifacts [none]
[debug] [2026-01-11T19:30:10.044Z] <<< [apiv2][status] GET https://artifactregistry.googleapis.com/v1/projects/wurdemaniot/locations/us-central1/repositories/gcf-artifacts 200
[debug] [2026-01-11T19:30:10.044Z] <<< [apiv2][body] GET https://artifactregistry.googleapis.com/v1/projects/wurdemaniot/locations/us-central1/repositories/gcf-artifacts {"name":"projects/wurdemaniot/locations/us-central1/repositories/gcf-artifacts","format":"DOCKER","description":"This repository is created and used by Cloud Functions for storing function docker images.","labels":{"goog-managed-by":"cloudfunctions"},"createTime":"2026-01-05T03:46:13.494222Z","updateTime":"2026-01-11T19:29:45.262033Z","mode":"STANDARD_REPOSITORY","cleanupPolicies":{"firebase-functions-cleanup":{"id":"firebase-functions-cleanup","action":"DELETE","condition":{"tagState":"ANY","olderThan":"86400s"}}},"sizeBytes":"172532896","vulnerabilityScanningConfig":{"lastEnableTime":"2026-01-05T03:46:05.257316875Z","enablementState":"SCANNING_DISABLED","enablementStateReason":"API containerscanning.googleapis.com is not enabled."},"satisfiesPzi":true,"registryUri":"us-central1-docker.pkg.dev/wurdemaniot/gcf-artifacts"}
[debug] [2026-01-11T19:30:10.044Z] Functions deploy failed.
[debug] [2026-01-11T19:30:10.044Z] {
  "endpoint": {
    "id": "ingest",
    "project": "wurdemaniot",
    "region": "us-central1",
    "entryPoint": "ingest",
    "platform": "gcfv2",
    "runtime": "nodejs20",
    "httpsTrigger": {},
    "labels": {
      "deployment-tool": "cli-firebase"
    },
    "secretEnvironmentVariables": [
      {
        "key": "DEVICE_TOKEN",
        "secret": "DEVICE_TOKEN",
        "projectId": "wurdemaniot",
        "version": "2"
      }
    ],
    "serviceAccount": null,
    "ingressSettings": null,
    "availableMemoryMb": null,
    "timeoutSeconds": null,
    "maxInstances": null,
    "minInstances": null,
    "concurrency": 8,
    "vpc": null,
    "environmentVariables": {
      "FIREBASE_CONFIG": "{\"projectId\":\"wurdemaniot\",\"databaseURL\":\"https://wurdemaniot-default-rtdb.firebaseio.com\",\"storageBucket\":\"wurdemaniot.firebasestorage.app\"}",
      "GCLOUD_PROJECT": "wurdemaniot",
      "EVENTARC_CLOUD_EVENT_SOURCE": "projects/wurdemaniot/locations/us-central1/services/ingest",
      "FUNCTION_TARGET": "ingest",
      "LOG_EXECUTION_ID": "true",
      "DEVICE_TOKEN": "b7c9e2a41fd64e7d9f13c8a5"
    },
    "codebase": "default",
    "runServiceId": "ingest",
    "cpu": 1,
    "securityLevel": "SECURE_ALWAYS",
    "targetedByOnly": false,
    "hash": "8923e5e52e58d5b3f9b668a0f4eb02d223fd96b5"
  },
  "op": "update",
  "original": {
    "name": "FirebaseError",
    "children": [],
    "context": {
      "function": "projects/wurdemaniot/locations/us-central1/functions/ingest"
    },
    "exit": 1,
    "message": "Failed to update function projects/wurdemaniot/locations/us-central1/functions/ingest",
    "original": {
      "name": "FirebaseError",
      "children": [],
      "context": {
        "body": {
          "error": {
            "code": 400,
            "message": "Could not update Cloud Run service projects/wurdemaniot/locations/us-central1/services/ingest. spec.template.spec.containers[0].env: Secret environment variable overlaps non secret environment variable: DEVICE_TOKEN",
            "status": "INVALID_ARGUMENT"
          }
        },
        "response": {
          "statusCode": 400
        }
      },
      "exit": 1,
      "message": "Request to https://cloudfunctions.googleapis.com/v2/projects/wurdemaniot/locations/us-central1/functions/ingest?updateMask=name%2CbuildConfig.runtime%2CbuildConfig.entryPoint%2CbuildConfig.source.storageSource.bucket%2CbuildConfig.source.storageSource.object%2CbuildConfig.environmentVariables%2CserviceConfig.environmentVariables%2CserviceConfig.secretEnvironmentVariables%2CserviceConfig.ingressSettings%2CserviceConfig.timeoutSeconds%2CserviceConfig.serviceAccountEmail%2CserviceConfig.availableMemory%2CserviceConfig.minInstanceCount%2CserviceConfig.maxInstanceCount%2CserviceConfig.maxInstanceRequestConcurrency%2CserviceConfig.availableCpu%2CserviceConfig.vpcConnector%2CserviceConfig.vpcConnectorEgressSettings%2Clabels had HTTP Error: 400, Could not update Cloud Run service projects/wurdemaniot/locations/us-central1/services/ingest. spec.template.spec.containers[0].env: Secret environment variable overlaps non secret environment variable: DEVICE_TOKEN",
      "status": 400
    },
    "status": 400,
    "code": 400
  }
}
[debug] [2026-01-11T19:30:10.089Z] Error: Failed to update function ingest in region us-central1
    at C:\Users\ethan\AppData\Roaming\npm\node_modules\firebase-tools\lib\deploy\functions\release\fabricator.js:411:19
    at process.processTicksAndRejections (node:internal/process/task_queues:105:5)
    at async Fabricator.updateV2Function (C:\Users\ethan\AppData\Roaming\npm\node_modules\firebase-tools\lib\deploy\functions\release\fabricator.js:400:32)
    at async Fabricator.updateEndpoint (C:\Users\ethan\AppData\Roaming\npm\node_modules\firebase-tools\lib\deploy\functions\release\fabricator.js:160:13)
    at async handle (C:\Users\ethan\AppData\Roaming\npm\node_modules\firebase-tools\lib\deploy\functions\release\fabricator.js:89:17)
[error] 
[error] Error: There was an error deploying functions
[debug] [2026-01-11T19:39:34.729Z] ----------------------------------------------------------------------
[debug] [2026-01-11T19:39:34.732Z] Command:       C:\Program Files\nodejs\node.exe C:\Users\ethan\AppData\Roaming\npm\node_modules\firebase-tools\lib\bin\firebase.js deploy --only hosting,functions
[debug] [2026-01-11T19:39:34.732Z] CLI Version:   15.1.0
[debug] [2026-01-11T19:39:34.732Z] Platform:      win32
[debug] [2026-01-11T19:39:34.733Z] Node Version:  v22.18.0
[debug] [2026-01-11T19:39:34.733Z] Time:          Sun Jan 11 2026 12:39:34 GMT-0700 (Mountain Standard Time)
[debug] [2026-01-11T19:39:34.733Z] ----------------------------------------------------------------------
[debug] 
[debug] [2026-01-11T19:39:36.358Z] > command requires scopes: ["email","openid","https://www.googleapis.com/auth/cloudplatformprojects.readonly","https://www.googleapis.com/auth/firebase","https://www.googleapis.com/auth/cloud-platform"]
[debug] [2026-01-11T19:39:36.359Z] > authorizing via signed-in user (ethanwurdeman@gmail.com)
[debug] [2026-01-11T19:39:36.359Z] [iam] checking project wurdemaniot for permissions ["cloudfunctions.functions.create","cloudfunctions.functions.delete","cloudfunctions.functions.get","cloudfunctions.functions.list","cloudfunctions.functions.update","cloudfunctions.operations.get","firebase.projects.get","firebasehosting.sites.update"]
[debug] [2026-01-11T19:39:36.360Z] Checked if tokens are valid: true, expires at: 1768163338299
[debug] [2026-01-11T19:39:36.360Z] Checked if tokens are valid: true, expires at: 1768163338299
[debug] [2026-01-11T19:39:36.361Z] >>> [apiv2][query] POST https://cloudresourcemanager.googleapis.com/v1/projects/wurdemaniot:testIamPermissions [none]
[debug] [2026-01-11T19:39:36.361Z] >>> [apiv2][(partial)header] POST https://cloudresourcemanager.googleapis.com/v1/projects/wurdemaniot:testIamPermissions x-goog-quota-user=projects/wurdemaniot
[debug] [2026-01-11T19:39:36.361Z] >>> [apiv2][body] POST https://cloudresourcemanager.googleapis.com/v1/projects/wurdemaniot:testIamPermissions {"permissions":["cloudfunctions.functions.create","cloudfunctions.functions.delete","cloudfunctions.functions.get","cloudfunctions.functions.list","cloudfunctions.functions.update","cloudfunctions.operations.get","firebase.projects.get","firebasehosting.sites.update"]}
[debug] [2026-01-11T19:39:36.900Z] <<< [apiv2][status] POST https://cloudresourcemanager.googleapis.com/v1/projects/wurdemaniot:testIamPermissions 200
[debug] [2026-01-11T19:39:36.900Z] <<< [apiv2][body] POST https://cloudresourcemanager.googleapis.com/v1/projects/wurdemaniot:testIamPermissions {"permissions":["cloudfunctions.functions.create","cloudfunctions.functions.delete","cloudfunctions.functions.get","cloudfunctions.functions.list","cloudfunctions.functions.update","cloudfunctions.operations.get","firebase.projects.get","firebasehosting.sites.update"]}
[debug] [2026-01-11T19:39:36.900Z] Checked if tokens are valid: true, expires at: 1768163338299
[debug] [2026-01-11T19:39:36.900Z] Checked if tokens are valid: true, expires at: 1768163338299
[debug] [2026-01-11T19:39:36.900Z] >>> [apiv2][query] POST https://iam.googleapis.com/v1/projects/wurdemaniot/serviceAccounts/wurdemaniot@appspot.gserviceaccount.com:testIamPermissions [none]
[debug] [2026-01-11T19:39:36.900Z] >>> [apiv2][body] POST https://iam.googleapis.com/v1/projects/wurdemaniot/serviceAccounts/wurdemaniot@appspot.gserviceaccount.com:testIamPermissions {"permissions":["iam.serviceAccounts.actAs"]}
[debug] [2026-01-11T19:39:37.200Z] <<< [apiv2][status] POST https://iam.googleapis.com/v1/projects/wurdemaniot/serviceAccounts/wurdemaniot@appspot.gserviceaccount.com:testIamPermissions 200
[debug] [2026-01-11T19:39:37.200Z] <<< [apiv2][body] POST https://iam.googleapis.com/v1/projects/wurdemaniot/serviceAccounts/wurdemaniot@appspot.gserviceaccount.com:testIamPermissions {"permissions":["iam.serviceAccounts.actAs"]}
[debug] [2026-01-11T19:39:37.200Z] Checked if tokens are valid: true, expires at: 1768163338299
[debug] [2026-01-11T19:39:37.200Z] Checked if tokens are valid: true, expires at: 1768163338299
[debug] [2026-01-11T19:39:37.201Z] >>> [apiv2][query] GET https://firebase.googleapis.com/v1beta1/projects/wurdemaniot [none]
[debug] [2026-01-11T19:39:37.613Z] <<< [apiv2][status] GET https://firebase.googleapis.com/v1beta1/projects/wurdemaniot 200
[debug] [2026-01-11T19:39:37.614Z] <<< [apiv2][body] GET https://firebase.googleapis.com/v1beta1/projects/wurdemaniot {"projectId":"wurdemaniot","projectNumber":"326690015446","displayName":"WurdemanIoT","name":"projects/wurdemaniot","resources":{"hostingSite":"wurdemaniot","realtimeDatabaseInstance":"wurdemaniot-default-rtdb"},"state":"ACTIVE","etag":"1_c4933132-8454-474a-9ce0-301acfffa0ff"}
[info] 
[info] === Deploying to 'wurdemaniot'...
[info] 
[info] i  deploying functions, hosting 
[debug] [2026-01-11T19:39:37.618Z] Checked if tokens are valid: true, expires at: 1768163338299
[debug] [2026-01-11T19:39:37.618Z] Checked if tokens are valid: true, expires at: 1768163338299
[debug] [2026-01-11T19:39:37.618Z] >>> [apiv2][query] GET https://cloudresourcemanager.googleapis.com/v1/projects/wurdemaniot [none]
[debug] [2026-01-11T19:39:37.706Z] <<< [apiv2][status] GET https://cloudresourcemanager.googleapis.com/v1/projects/wurdemaniot 200
[debug] [2026-01-11T19:39:37.706Z] <<< [apiv2][body] GET https://cloudresourcemanager.googleapis.com/v1/projects/wurdemaniot {"projectNumber":"326690015446","projectId":"wurdemaniot","lifecycleState":"ACTIVE","name":"WurdemanIoT","labels":{"firebase":"enabled","firebase-core":"disabled"},"createTime":"2026-01-05T00:18:45.953950Z"}
[info] i  functions: preparing codebase default for deployment 
[info] i  functions: ensuring required API cloudfunctions.googleapis.com is enabled... 
[info] i  functions: ensuring required API cloudbuild.googleapis.com is enabled... 
[info] i  artifactregistry: ensuring required API artifactregistry.googleapis.com is enabled... 
[debug] [2026-01-11T19:39:37.709Z] Checked if tokens are valid: true, expires at: 1768163338299
[debug] [2026-01-11T19:39:37.709Z] Checked if tokens are valid: true, expires at: 1768163338299
[debug] [2026-01-11T19:39:37.709Z] >>> [apiv2][query] GET https://firebase.googleapis.com/v1beta1/projects/wurdemaniot/adminSdkConfig [none]
[debug] [2026-01-11T19:39:37.913Z] <<< [apiv2][status] GET https://firebase.googleapis.com/v1beta1/projects/wurdemaniot/adminSdkConfig 200
[debug] [2026-01-11T19:39:37.913Z] <<< [apiv2][body] GET https://firebase.googleapis.com/v1beta1/projects/wurdemaniot/adminSdkConfig {"projectId":"wurdemaniot","databaseURL":"https://wurdemaniot-default-rtdb.firebaseio.com","storageBucket":"wurdemaniot.firebasestorage.app"}
[debug] [2026-01-11T19:39:37.914Z] Checked if tokens are valid: true, expires at: 1768163338299
[debug] [2026-01-11T19:39:37.914Z] Checked if tokens are valid: true, expires at: 1768163338299
[debug] [2026-01-11T19:39:37.914Z] >>> [apiv2][query] GET https://runtimeconfig.googleapis.com/v1beta1/projects/wurdemaniot/configs [none]
[debug] [2026-01-11T19:39:38.164Z] <<< [apiv2][status] GET https://runtimeconfig.googleapis.com/v1beta1/projects/wurdemaniot/configs 200
[debug] [2026-01-11T19:39:38.164Z] <<< [apiv2][body] GET https://runtimeconfig.googleapis.com/v1beta1/projects/wurdemaniot/configs {}
[debug] [2026-01-11T19:39:38.165Z] Validating nodejs source
[warn] !  functions: package.json indicates an outdated version of firebase-functions. Please upgrade using npm install --save firebase-functions@latest in your functions directory. 
[warn] !  functions: Please note that there will be breaking changes when you upgrade. 
[debug] [2026-01-11T19:39:39.254Z] > [functions] package.json contents: {
  "name": "trackerportal-functions",
  "version": "1.0.0",
  "private": true,
  "main": "lib/index.js",
  "scripts": {
    "build": "tsc",
    "deploy": "npm run build && firebase deploy --only functions",
    "serve": "npm run build && firebase emulators:start --only functions,firestore,auth"
  },
  "engines": {
    "node": "20"
  },
  "dependencies": {
    "@dataconnect/admin-generated": "file:src/dataconnect-admin-generated",
    "firebase-admin": "^12.0.0",
    "firebase-functions": "^7.0.2"
  },
  "devDependencies": {
    "@types/express": "^4.17.21",
    "@types/node": "^20.11.19",
    "ts-node": "^10.9.2",
    "typescript": "^5.3.3"
  }
}
[debug] [2026-01-11T19:39:39.254Z] Building nodejs source
[info] i  functions: Loading and analyzing source code for codebase default to determine what to deploy 
[debug] [2026-01-11T19:39:39.256Z] Could not find functions.yaml. Must use http discovery
[debug] [2026-01-11T19:39:39.268Z] Found firebase-functions binary at 'C:\Users\ethan\OneDrive\Documents\GitHub\WurdemanIoT\TrackerPortal\functions\node_modules\.bin\firebase-functions'
[info] Serving at port 8665

[debug] [2026-01-11T19:39:39.847Z] Got response from /__/functions.yaml {"endpoints":{"ingest":{"availableMemoryMb":null,"timeoutSeconds":null,"minInstances":null,"maxInstances":null,"ingressSettings":null,"concurrency":8,"serviceAccountEmail":null,"vpc":null,"platform":"gcfv2","region":["us-central1"],"secretEnvironmentVariables":[{"key":"DEVICE_TOKEN"}],"labels":{},"httpsTrigger":{},"entryPoint":"ingest"},"config":{"availableMemoryMb":null,"timeoutSeconds":null,"minInstances":null,"maxInstances":null,"ingressSettings":null,"concurrency":null,"serviceAccountEmail":null,"vpc":null,"platform":"gcfv2","region":["us-central1"],"secretEnvironmentVariables":[{"key":"DEVICE_TOKEN"}],"labels":{},"httpsTrigger":{},"entryPoint":"config"},"thermostatIngest":{"availableMemoryMb":null,"timeoutSeconds":null,"minInstances":null,"maxInstances":null,"ingressSettings":null,"concurrency":8,"serviceAccountEmail":null,"vpc":null,"platform":"gcfv2","region":["us-central1"],"secretEnvironmentVariables":[{"key":"THERMOSTAT_TOKEN"}],"labels":{},"httpsTrigger":{},"entryPoint":"thermostatIngest"},"thermostatConfig":{"availableMemoryMb":null,"timeoutSeconds":null,"minInstances":null,"maxInstances":null,"ingressSettings":null,"concurrency":null,"serviceAccountEmail":null,"vpc":null,"platform":"gcfv2","region":["us-central1"],"secretEnvironmentVariables":[{"key":"THERMOSTAT_TOKEN"}],"labels":{},"httpsTrigger":{},"entryPoint":"thermostatConfig"}},"specVersion":"v1alpha1","requiredAPIs":[],"extensions":{},"params":[{"type":"secret","name":"DEVICE_TOKEN"},{"type":"secret","name":"THERMOSTAT_TOKEN"}]}
[info] i  extensions: ensuring required API firebaseextensions.googleapis.com is enabled... 
[debug] [2026-01-11T19:39:43.888Z] > command requires scopes: ["email","openid","https://www.googleapis.com/auth/cloudplatformprojects.readonly","https://www.googleapis.com/auth/firebase","https://www.googleapis.com/auth/cloud-platform"]
[debug] [2026-01-11T19:39:43.889Z] > authorizing via signed-in user (ethanwurdeman@gmail.com)
[debug] [2026-01-11T19:39:43.889Z] [iam] checking project wurdemaniot for permissions ["firebase.projects.get","firebaseextensions.instances.list"]
[debug] [2026-01-11T19:39:43.889Z] Checked if tokens are valid: true, expires at: 1768163338299
[debug] [2026-01-11T19:39:43.889Z] Checked if tokens are valid: true, expires at: 1768163338299
[debug] [2026-01-11T19:39:43.889Z] >>> [apiv2][query] POST https://cloudresourcemanager.googleapis.com/v1/projects/wurdemaniot:testIamPermissions [none]
[debug] [2026-01-11T19:39:43.889Z] >>> [apiv2][(partial)header] POST https://cloudresourcemanager.googleapis.com/v1/projects/wurdemaniot:testIamPermissions x-goog-quota-user=projects/wurdemaniot
[debug] [2026-01-11T19:39:43.889Z] >>> [apiv2][body] POST https://cloudresourcemanager.googleapis.com/v1/projects/wurdemaniot:testIamPermissions {"permissions":["firebase.projects.get","firebaseextensions.instances.list"]}
[debug] [2026-01-11T19:39:44.044Z] <<< [apiv2][status] POST https://cloudresourcemanager.googleapis.com/v1/projects/wurdemaniot:testIamPermissions 200
[debug] [2026-01-11T19:39:44.044Z] <<< [apiv2][body] POST https://cloudresourcemanager.googleapis.com/v1/projects/wurdemaniot:testIamPermissions {"permissions":["firebase.projects.get","firebaseextensions.instances.list"]}
[debug] [2026-01-11T19:39:44.045Z] Checked if tokens are valid: true, expires at: 1768163338299
[debug] [2026-01-11T19:39:44.045Z] Checked if tokens are valid: true, expires at: 1768163338299
[debug] [2026-01-11T19:39:44.045Z] >>> [apiv2][query] GET https://firebaseextensions.googleapis.com/v1beta/projects/wurdemaniot/instances pageSize=100&pageToken=
[debug] [2026-01-11T19:39:44.329Z] <<< [apiv2][status] GET https://firebaseextensions.googleapis.com/v1beta/projects/wurdemaniot/instances 200
[debug] [2026-01-11T19:39:44.330Z] <<< [apiv2][body] GET https://firebaseextensions.googleapis.com/v1beta/projects/wurdemaniot/instances {}
[debug] [2026-01-11T19:39:44.331Z] Checked if tokens are valid: true, expires at: 1768163338299
[debug] [2026-01-11T19:39:44.331Z] Checked if tokens are valid: true, expires at: 1768163338299
[debug] [2026-01-11T19:39:44.331Z] >>> [apiv2][query] GET https://secretmanager.googleapis.com/v1/projects/wurdemaniot/secrets/DEVICE_TOKEN [none]
[debug] [2026-01-11T19:39:44.647Z] <<< [apiv2][status] GET https://secretmanager.googleapis.com/v1/projects/wurdemaniot/secrets/DEVICE_TOKEN 200
[debug] [2026-01-11T19:39:44.647Z] <<< [apiv2][body] GET https://secretmanager.googleapis.com/v1/projects/wurdemaniot/secrets/DEVICE_TOKEN {"name":"projects/326690015446/secrets/DEVICE_TOKEN","replication":{"automatic":{}},"createTime":"2026-01-11T08:25:37.352258Z","labels":{"firebase-managed":"functions"},"etag":"\"16481880cc7428\""}
[debug] [2026-01-11T19:39:44.647Z] Checked if tokens are valid: true, expires at: 1768163338299
[debug] [2026-01-11T19:39:44.647Z] Checked if tokens are valid: true, expires at: 1768163338299
[debug] [2026-01-11T19:39:44.648Z] >>> [apiv2][query] GET https://secretmanager.googleapis.com/v1/projects/wurdemaniot/secrets/DEVICE_TOKEN/versions/latest [none]
[debug] [2026-01-11T19:39:44.746Z] <<< [apiv2][status] GET https://secretmanager.googleapis.com/v1/projects/wurdemaniot/secrets/DEVICE_TOKEN/versions/latest 200
[debug] [2026-01-11T19:39:44.746Z] <<< [apiv2][body] GET https://secretmanager.googleapis.com/v1/projects/wurdemaniot/secrets/DEVICE_TOKEN/versions/latest {"name":"projects/326690015446/secrets/DEVICE_TOKEN/versions/2","createTime":"2026-01-11T09:56:06.407412Z","state":"ENABLED","replicationStatus":{"automatic":{}},"etag":"\"164819c46210f4\""}
[debug] [2026-01-11T19:39:44.746Z] Checked if tokens are valid: true, expires at: 1768163338299
[debug] [2026-01-11T19:39:44.746Z] Checked if tokens are valid: true, expires at: 1768163338299
[debug] [2026-01-11T19:39:44.746Z] >>> [apiv2][query] GET https://secretmanager.googleapis.com/v1/projects/wurdemaniot/secrets/THERMOSTAT_TOKEN [none]
[debug] [2026-01-11T19:39:44.864Z] <<< [apiv2][status] GET https://secretmanager.googleapis.com/v1/projects/wurdemaniot/secrets/THERMOSTAT_TOKEN 200
[debug] [2026-01-11T19:39:44.865Z] <<< [apiv2][body] GET https://secretmanager.googleapis.com/v1/projects/wurdemaniot/secrets/THERMOSTAT_TOKEN {"name":"projects/326690015446/secrets/THERMOSTAT_TOKEN","replication":{"automatic":{}},"createTime":"2026-01-11T08:10:21.325147Z","labels":{"firebase-managed":"functions"},"etag":"\"1648184a32284b\""}
[debug] [2026-01-11T19:39:44.865Z] Checked if tokens are valid: true, expires at: 1768163338299
[debug] [2026-01-11T19:39:44.865Z] Checked if tokens are valid: true, expires at: 1768163338299
[debug] [2026-01-11T19:39:44.865Z] >>> [apiv2][query] GET https://secretmanager.googleapis.com/v1/projects/wurdemaniot/secrets/THERMOSTAT_TOKEN/versions/latest [none]
[debug] [2026-01-11T19:39:44.961Z] <<< [apiv2][status] GET https://secretmanager.googleapis.com/v1/projects/wurdemaniot/secrets/THERMOSTAT_TOKEN/versions/latest 200
[debug] [2026-01-11T19:39:44.961Z] <<< [apiv2][body] GET https://secretmanager.googleapis.com/v1/projects/wurdemaniot/secrets/THERMOSTAT_TOKEN/versions/latest {"name":"projects/326690015446/secrets/THERMOSTAT_TOKEN/versions/4","createTime":"2026-01-11T09:55:57.292830Z","state":"ENABLED","replicationStatus":{"automatic":{}},"etag":"\"164819c3d6fd1e\""}
[info] i  functions: preparing functions directory for uploading... 
[info] i  functions: packaged C:\Users\ethan\OneDrive\Documents\GitHub\WurdemanIoT\TrackerPortal\functions (25.32 KB) for uploading 
[debug] [2026-01-11T19:39:45.011Z] Checked if tokens are valid: true, expires at: 1768163338299
[debug] [2026-01-11T19:39:45.012Z] Checked if tokens are valid: true, expires at: 1768163338299
[debug] [2026-01-11T19:39:45.012Z] >>> [apiv2][query] GET https://cloudfunctions.googleapis.com/v1/projects/wurdemaniot/locations/-/functions [none]
[debug] [2026-01-11T19:39:45.543Z] <<< [apiv2][status] GET https://cloudfunctions.googleapis.com/v1/projects/wurdemaniot/locations/-/functions 200
[debug] [2026-01-11T19:39:45.543Z] <<< [apiv2][body] GET https://cloudfunctions.googleapis.com/v1/projects/wurdemaniot/locations/-/functions {}
[debug] [2026-01-11T19:39:45.544Z] Checked if tokens are valid: true, expires at: 1768163338299
[debug] [2026-01-11T19:39:45.544Z] Checked if tokens are valid: true, expires at: 1768163338299
[debug] [2026-01-11T19:39:45.544Z] >>> [apiv2][query] GET https://cloudfunctions.googleapis.com/v2/projects/wurdemaniot/locations/-/functions filter=environment%3D%22GEN_2%22
[debug] [2026-01-11T19:39:45.908Z] <<< [apiv2][status] GET https://cloudfunctions.googleapis.com/v2/projects/wurdemaniot/locations/-/functions 200
[debug] [2026-01-11T19:39:45.908Z] <<< [apiv2][body] GET https://cloudfunctions.googleapis.com/v2/projects/wurdemaniot/locations/-/functions {"functions":[{"name":"projects/wurdemaniot/locations/us-central1/functions/thermostatIngest","buildConfig":{"build":"projects/326690015446/locations/us-central1/builds/a23fd2f5-11e7-45df-8bf6-80e471c96d48","runtime":"nodejs20","entryPoint":"thermostatIngest","source":{"storageSource":{"bucket":"gcf-v2-sources-326690015446-us-central1","object":"thermostatIngest/function-source.zip","generation":"1768156685385493"}},"environmentVariables":{"GOOGLE_NODE_RUN_SCRIPTS":""},"dockerRepository":"projects/wurdemaniot/locations/us-central1/repositories/gcf-artifacts","sourceProvenance":{"resolvedStorageSource":{"bucket":"gcf-v2-sources-326690015446-us-central1","object":"thermostatIngest/function-source.zip","generation":"1768156685385493"}},"dockerRegistry":"ARTIFACT_REGISTRY","serviceAccount":"projects/wurdemaniot/serviceAccounts/326690015446-compute@developer.gserviceaccount.com","automaticUpdatePolicy":{}},"serviceConfig":{"service":"projects/wurdemaniot/locations/us-central1/services/thermostatingest","timeoutSeconds":60,"environmentVariables":{"FIREBASE_CONFIG":"{\"projectId\":\"wurdemaniot\",\"databaseURL\":\"https://wurdemaniot-default-rtdb.firebaseio.com\",\"storageBucket\":\"wurdemaniot.firebasestorage.app\"}","GCLOUD_PROJECT":"wurdemaniot","EVENTARC_CLOUD_EVENT_SOURCE":"projects/wurdemaniot/locations/us-central1/services/thermostatIngest","FUNCTION_TARGET":"thermostatIngest","LOG_EXECUTION_ID":"true"},"maxInstanceCount":12,"ingressSettings":"ALLOW_ALL","uri":"https://thermostatingest-dwoseol4ba-uc.a.run.app","serviceAccountEmail":"326690015446-compute@developer.gserviceaccount.com","availableMemory":"256Mi","allTrafficOnLatestRevision":true,"secretEnvironmentVariables":[{"key":"THERMOSTAT_TOKEN","projectId":"wurdemaniot","secret":"THERMOSTAT_TOKEN","version":"latest"},{"key":"DEVICE_TOKEN","secret":"DEVICE_TOKEN","version":"latest"}],"maxInstanceRequestConcurrency":8,"availableCpu":"1000m"},"state":"ACTIVE","updateTime":"2026-01-11T18:38:51.755840471Z","labels":{"deployment-tool":"cli-firebase","firebase-functions-hash":"142026e679b786dc8649c7ef431fd2c1ba645033"},"environment":"GEN_2","url":"https://us-central1-wurdemaniot.cloudfunctions.net/thermostatIngest","createTime":"2026-01-11T07:26:15.437090174Z","satisfiesPzi":true},{"name":"projects/wurdemaniot/locations/us-central1/functions/config","buildConfig":{"build":"projects/326690015446/locations/us-central1/builds/f2f642df-ec28-4dbc-ae72-be588c7cab4e","runtime":"nodejs20","entryPoint":"config","source":{"storageSource":{"bucket":"gcf-v2-sources-326690015446-us-central1","object":"config/function-source.zip","generation":"1768159752971126"}},"environmentVariables":{"GOOGLE_NODE_RUN_SCRIPTS":""},"dockerRepository":"projects/wurdemaniot/locations/us-central1/repositories/gcf-artifacts","sourceProvenance":{"resolvedStorageSource":{"bucket":"gcf-v2-sources-326690015446-us-central1","object":"config/function-source.zip","generation":"1768159752971126"}},"dockerRegistry":"ARTIFACT_REGISTRY","serviceAccount":"projects/wurdemaniot/serviceAccounts/326690015446-compute@developer.gserviceaccount.com","automaticUpdatePolicy":{}},"serviceConfig":{"service":"projects/wurdemaniot/locations/us-central1/services/config","timeoutSeconds":60,"environmentVariables":{"FIREBASE_CONFIG":"{\"projectId\":\"wurdemaniot\",\"databaseURL\":\"https://wurdemaniot-default-rtdb.firebaseio.com\",\"storageBucket\":\"wurdemaniot.firebasestorage.app\"}","GCLOUD_PROJECT":"wurdemaniot","EVENTARC_CLOUD_EVENT_SOURCE":"projects/wurdemaniot/locations/us-central1/services/config","FUNCTION_TARGET":"config","LOG_EXECUTION_ID":"true"},"maxInstanceCount":12,"ingressSettings":"ALLOW_ALL","uri":"https://config-dwoseol4ba-uc.a.run.app","serviceAccountEmail":"326690015446-compute@developer.gserviceaccount.com","availableMemory":"256Mi","allTrafficOnLatestRevision":true,"secretEnvironmentVariables":[{"key":"DEVICE_TOKEN","projectId":"wurdemaniot","secret":"DEVICE_TOKEN","version":"2"}],"revision":"config-00008-cuw","maxInstanceRequestConcurrency":80,"availableCpu":"1"},"state":"ACTIVE","updateTime":"2026-01-11T19:30:07.479438691Z","labels":{"deployment-tool":"cli-firebase","firebase-functions-hash":"8923e5e52e58d5b3f9b668a0f4eb02d223fd96b5"},"environment":"GEN_2","url":"https://us-central1-wurdemaniot.cloudfunctions.net/config","createTime":"2026-01-06T13:53:49.773752704Z","satisfiesPzi":true},{"name":"projects/wurdemaniot/locations/us-central1/functions/thermostatConfig","buildConfig":{"build":"projects/326690015446/locations/us-central1/builds/16543274-2691-45db-a2fe-5c70a1a94c41","runtime":"nodejs20","entryPoint":"thermostatConfig","source":{"storageSource":{"bucket":"gcf-v2-sources-326690015446-us-central1","object":"thermostatConfig/function-source.zip","generation":"1768159753154751"}},"environmentVariables":{"GOOGLE_NODE_RUN_SCRIPTS":""},"dockerRepository":"projects/wurdemaniot/locations/us-central1/repositories/gcf-artifacts","sourceProvenance":{"resolvedStorageSource":{"bucket":"gcf-v2-sources-326690015446-us-central1","object":"thermostatConfig/function-source.zip","generation":"1768159753154751"}},"dockerRegistry":"ARTIFACT_REGISTRY","serviceAccount":"projects/wurdemaniot/serviceAccounts/326690015446-compute@developer.gserviceaccount.com","automaticUpdatePolicy":{}},"serviceConfig":{"service":"projects/wurdemaniot/locations/us-central1/services/thermostatconfig","timeoutSeconds":60,"environmentVariables":{"FIREBASE_CONFIG":"{\"projectId\":\"wurdemaniot\",\"databaseURL\":\"https://wurdemaniot-default-rtdb.firebaseio.com\",\"storageBucket\":\"wurdemaniot.firebasestorage.app\"}","GCLOUD_PROJECT":"wurdemaniot","EVENTARC_CLOUD_EVENT_SOURCE":"projects/wurdemaniot/locations/us-central1/services/thermostatConfig","FUNCTION_TARGET":"thermostatConfig","LOG_EXECUTION_ID":"true"},"maxInstanceCount":12,"ingressSettings":"ALLOW_ALL","uri":"https://thermostatconfig-dwoseol4ba-uc.a.run.app","serviceAccountEmail":"326690015446-compute@developer.gserviceaccount.com","availableMemory":"256Mi","allTrafficOnLatestRevision":true,"secretEnvironmentVariables":[{"key":"THERMOSTAT_TOKEN","projectId":"wurdemaniot","secret":"THERMOSTAT_TOKEN","version":"4"}],"revision":"thermostatconfig-00007-viz","maxInstanceRequestConcurrency":80,"availableCpu":"1"},"state":"ACTIVE","updateTime":"2026-01-11T19:30:05.064091941Z","labels":{"deployment-tool":"cli-firebase","firebase-functions-hash":"142026e679b786dc8649c7ef431fd2c1ba645033"},"environment":"GEN_2","url":"https://us-central1-wurdemaniot.cloudfunctions.net/thermostatConfig","createTime":"2026-01-11T07:26:15.518075645Z","satisfiesPzi":true},{"name":"projects/wurdemaniot/locations/us-central1/functions/ingest","buildConfig":{"build":"projects/326690015446/locations/us-central1/builds/5add9869-3e9b-44d3-8795-af8f4798d7af","runtime":"nodejs20","entryPoint":"ingest","source":{"storageSource":{"bucket":"gcf-v2-sources-326690015446-us-central1","object":"ingest/function-source.zip","generation":"1768116375794773"}},"environmentVariables":{"GOOGLE_NODE_RUN_SCRIPTS":""},"dockerRepository":"projects/wurdemaniot/locations/us-central1/repositories/gcf-artifacts","sourceProvenance":{"resolvedStorageSource":{"bucket":"gcf-v2-sources-326690015446-us-central1","object":"ingest/function-source.zip","generation":"1768116375794773"}},"dockerRegistry":"ARTIFACT_REGISTRY","serviceAccount":"projects/wurdemaniot/serviceAccounts/326690015446-compute@developer.gserviceaccount.com","automaticUpdatePolicy":{}},"serviceConfig":{"service":"projects/wurdemaniot/locations/us-central1/services/ingest","timeoutSeconds":60,"environmentVariables":{"FIREBASE_CONFIG":"{\"projectId\":\"wurdemaniot\",\"databaseURL\":\"https://wurdemaniot-default-rtdb.firebaseio.com\",\"storageBucket\":\"wurdemaniot.firebasestorage.app\"}","GCLOUD_PROJECT":"wurdemaniot","EVENTARC_CLOUD_EVENT_SOURCE":"projects/wurdemaniot/locations/us-central1/services/ingest","FUNCTION_TARGET":"ingest","LOG_EXECUTION_ID":"true","DEVICE_TOKEN":"b7c9e2a41fd64e7d9f13c8a5"},"maxInstanceCount":12,"ingressSettings":"ALLOW_ALL","uri":"https://ingest-dwoseol4ba-uc.a.run.app","serviceAccountEmail":"326690015446-compute@developer.gserviceaccount.com","availableMemory":"256Mi","allTrafficOnLatestRevision":true,"revision":"ingest-00009-win","maxInstanceRequestConcurrency":8,"availableCpu":"1"},"state":"ACTIVE","updateTime":"2026-01-11T07:27:08.090494734Z","labels":{"firebase-functions-hash":"ce8d1156347d46d7f3a582d2b0fef4e1be59edf4","deployment-tool":"cli-firebase"},"environment":"GEN_2","url":"https://us-central1-wurdemaniot.cloudfunctions.net/ingest","createTime":"2026-01-05T03:46:05.081154302Z","satisfiesPzi":true}]}
[info] i  functions: ensuring required API run.googleapis.com is enabled... 
[info] i  functions: ensuring required API eventarc.googleapis.com is enabled... 
[info] i  functions: ensuring required API pubsub.googleapis.com is enabled... 
[info] i  functions: ensuring required API storage.googleapis.com is enabled... 
[info] i  functions: generating the service identity for pubsub.googleapis.com... 
[debug] [2026-01-11T19:39:45.914Z] Checked if tokens are valid: true, expires at: 1768163338299
[debug] [2026-01-11T19:39:45.915Z] Checked if tokens are valid: true, expires at: 1768163338299
[info] i  functions: generating the service identity for eventarc.googleapis.com... 
[debug] [2026-01-11T19:39:45.915Z] Checked if tokens are valid: true, expires at: 1768163338299
[debug] [2026-01-11T19:39:45.915Z] Checked if tokens are valid: true, expires at: 1768163338299
[debug] [2026-01-11T19:39:45.915Z] >>> [apiv2][query] POST https://serviceusage.googleapis.com/v1beta1/projects/326690015446/services/pubsub.googleapis.com:generateServiceIdentity [none]
[debug] [2026-01-11T19:39:45.915Z] >>> [apiv2][(partial)header] POST https://serviceusage.googleapis.com/v1beta1/projects/326690015446/services/pubsub.googleapis.com:generateServiceIdentity x-goog-quota-user=projects/326690015446
[debug] [2026-01-11T19:39:45.915Z] >>> [apiv2][body] POST https://serviceusage.googleapis.com/v1beta1/projects/326690015446/services/pubsub.googleapis.com:generateServiceIdentity {}
[debug] [2026-01-11T19:39:45.916Z] >>> [apiv2][query] POST https://serviceusage.googleapis.com/v1beta1/projects/326690015446/services/eventarc.googleapis.com:generateServiceIdentity [none]
[debug] [2026-01-11T19:39:45.916Z] >>> [apiv2][(partial)header] POST https://serviceusage.googleapis.com/v1beta1/projects/326690015446/services/eventarc.googleapis.com:generateServiceIdentity x-goog-quota-user=projects/326690015446
[debug] [2026-01-11T19:39:45.917Z] >>> [apiv2][body] POST https://serviceusage.googleapis.com/v1beta1/projects/326690015446/services/eventarc.googleapis.com:generateServiceIdentity {}
[debug] [2026-01-11T19:39:46.264Z] <<< [apiv2][status] POST https://serviceusage.googleapis.com/v1beta1/projects/326690015446/services/eventarc.googleapis.com:generateServiceIdentity 200
[debug] [2026-01-11T19:39:46.264Z] <<< [apiv2][body] POST https://serviceusage.googleapis.com/v1beta1/projects/326690015446/services/eventarc.googleapis.com:generateServiceIdentity {"name":"operations/finished.DONE_OPERATION","done":true,"response":{"@type":"type.googleapis.com/google.api.serviceusage.v1beta1.ServiceIdentity","email":"service-326690015446@gcp-sa-eventarc.iam.gserviceaccount.com","uniqueId":"101473904706113487265"}}
[debug] [2026-01-11T19:39:46.292Z] <<< [apiv2][status] POST https://serviceusage.googleapis.com/v1beta1/projects/326690015446/services/pubsub.googleapis.com:generateServiceIdentity 200
[debug] [2026-01-11T19:39:46.292Z] <<< [apiv2][body] POST https://serviceusage.googleapis.com/v1beta1/projects/326690015446/services/pubsub.googleapis.com:generateServiceIdentity {"name":"operations/finished.DONE_OPERATION","done":true,"response":{"@type":"type.googleapis.com/google.api.serviceusage.v1beta1.ServiceIdentity","email":"service-326690015446@gcp-sa-pubsub.iam.gserviceaccount.com","uniqueId":"116063021749518125320"}}
[info] i  functions: ensuring required API secretmanager.googleapis.com is enabled... 
[debug] [2026-01-11T19:39:46.295Z] Checked if tokens are valid: true, expires at: 1768163338299
[debug] [2026-01-11T19:39:46.295Z] Checked if tokens are valid: true, expires at: 1768163338299
[debug] [2026-01-11T19:39:46.295Z] Checked if tokens are valid: true, expires at: 1768163338299
[debug] [2026-01-11T19:39:46.295Z] Checked if tokens are valid: true, expires at: 1768163338299
[debug] [2026-01-11T19:39:46.295Z] >>> [apiv2][query] GET https://secretmanager.googleapis.com/v1/projects/wurdemaniot/secrets/DEVICE_TOKEN/versions/latest [none]
[debug] [2026-01-11T19:39:46.295Z] >>> [apiv2][query] GET https://secretmanager.googleapis.com/v1/projects/wurdemaniot/secrets/THERMOSTAT_TOKEN/versions/latest [none]
[debug] [2026-01-11T19:39:46.397Z] <<< [apiv2][status] GET https://secretmanager.googleapis.com/v1/projects/wurdemaniot/secrets/DEVICE_TOKEN/versions/latest 200
[debug] [2026-01-11T19:39:46.397Z] <<< [apiv2][body] GET https://secretmanager.googleapis.com/v1/projects/wurdemaniot/secrets/DEVICE_TOKEN/versions/latest {"name":"projects/326690015446/secrets/DEVICE_TOKEN/versions/2","createTime":"2026-01-11T09:56:06.407412Z","state":"ENABLED","replicationStatus":{"automatic":{}},"etag":"\"164819c46210f4\""}
[debug] [2026-01-11T19:39:46.397Z] Resolved secret version of DEVICE_TOKEN to 2.
[debug] [2026-01-11T19:39:46.528Z] <<< [apiv2][status] GET https://secretmanager.googleapis.com/v1/projects/wurdemaniot/secrets/THERMOSTAT_TOKEN/versions/latest 200
[debug] [2026-01-11T19:39:46.528Z] <<< [apiv2][body] GET https://secretmanager.googleapis.com/v1/projects/wurdemaniot/secrets/THERMOSTAT_TOKEN/versions/latest {"name":"projects/326690015446/secrets/THERMOSTAT_TOKEN/versions/4","createTime":"2026-01-11T09:55:57.292830Z","state":"ENABLED","replicationStatus":{"automatic":{}},"etag":"\"164819c3d6fd1e\""}
[debug] [2026-01-11T19:39:46.528Z] Resolved secret version of THERMOSTAT_TOKEN to 4.
[debug] [2026-01-11T19:39:46.529Z] Checked if tokens are valid: true, expires at: 1768163338299
[debug] [2026-01-11T19:39:46.529Z] Checked if tokens are valid: true, expires at: 1768163338299
[debug] [2026-01-11T19:39:46.529Z] >>> [apiv2][query] GET https://cloudresourcemanager.googleapis.com/v1/projects/wurdemaniot [none]
[debug] [2026-01-11T19:39:46.621Z] <<< [apiv2][status] GET https://cloudresourcemanager.googleapis.com/v1/projects/wurdemaniot 200
[debug] [2026-01-11T19:39:46.621Z] <<< [apiv2][body] GET https://cloudresourcemanager.googleapis.com/v1/projects/wurdemaniot {"projectNumber":"326690015446","projectId":"wurdemaniot","lifecycleState":"ACTIVE","name":"WurdemanIoT","labels":{"firebase":"enabled","firebase-core":"disabled"},"createTime":"2026-01-05T00:18:45.953950Z"}
[debug] [2026-01-11T19:39:46.621Z] Checked if tokens are valid: true, expires at: 1768163338299
[debug] [2026-01-11T19:39:46.621Z] Checked if tokens are valid: true, expires at: 1768163338299
[debug] [2026-01-11T19:39:46.621Z] >>> [apiv2][query] GET https://compute.googleapis.com/compute/v1/projects/326690015446 [none]
[debug] [2026-01-11T19:39:46.819Z] <<< [apiv2][status] GET https://compute.googleapis.com/compute/v1/projects/326690015446 403
[debug] [2026-01-11T19:39:46.819Z] <<< [apiv2][body] GET https://compute.googleapis.com/compute/v1/projects/326690015446 {"error":{"code":403,"message":"Compute Engine API has not been used in project 326690015446 before or it is disabled. Enable it by visiting https://console.developers.google.com/apis/api/compute.googleapis.com/overview?project=326690015446 then retry. If you enabled this API recently, wait a few minutes for the action to propagate to our systems and retry.","errors":[{"message":"Compute Engine API has not been used in project 326690015446 before or it is disabled. Enable it by visiting https://console.developers.google.com/apis/api/compute.googleapis.com/overview?project=326690015446 then retry. If you enabled this API recently, wait a few minutes for the action to propagate to our systems and retry.","domain":"usageLimits","reason":"accessNotConfigured","extendedHelp":"https://console.developers.google.com"}],"status":"PERMISSION_DENIED","details":[{"@type":"type.googleapis.com/google.rpc.ErrorInfo","reason":"SERVICE_DISABLED","domain":"googleapis.com","metadata":{"serviceTitle":"Compute Engine API","service":"compute.googleapis.com","consumer":"projects/326690015446","activationUrl":"https://console.developers.google.com/apis/api/compute.googleapis.com/overview?project=326690015446","containerInfo":"326690015446"}},{"@type":"type.googleapis.com/google.rpc.LocalizedMessage","locale":"en-US","message":"Compute Engine API has not been used in project 326690015446 before or it is disabled. Enable it by visiting https://console.developers.google.com/apis/api/compute.googleapis.com/overview?project=326690015446 then retry. If you enabled this API recently, wait a few minutes for the action to propagate to our systems and retry."},{"@type":"type.googleapis.com/google.rpc.Help","links":[{"description":"Google developers console API activation","url":"https://console.developers.google.com/apis/api/compute.googleapis.com/overview?project=326690015446"}]}]}}
[debug] [2026-01-11T19:39:46.820Z] unable to look up default compute service account. Falling back to 326690015446-compute@developer.gserviceaccount.com. Error: {"name":"FirebaseError","children":[],"context":{"body":{"error":{"code":403,"message":"Compute Engine API has not been used in project 326690015446 before or it is disabled. Enable it by visiting https://console.developers.google.com/apis/api/compute.googleapis.com/overview?project=326690015446 then retry. If you enabled this API recently, wait a few minutes for the action to propagate to our systems and retry.","errors":[{"message":"Compute Engine API has not been used in project 326690015446 before or it is disabled. Enable it by visiting https://console.developers.google.com/apis/api/compute.googleapis.com/overview?project=326690015446 then retry. If you enabled this API recently, wait a few minutes for the action to propagate to our systems and retry.","domain":"usageLimits","reason":"accessNotConfigured","extendedHelp":"https://console.developers.google.com"}],"status":"PERMISSION_DENIED","details":[{"@type":"type.googleapis.com/google.rpc.ErrorInfo","reason":"SERVICE_DISABLED","domain":"googleapis.com","metadata":{"serviceTitle":"Compute Engine API","service":"compute.googleapis.com","consumer":"projects/326690015446","activationUrl":"https://console.developers.google.com/apis/api/compute.googleapis.com/overview?project=326690015446","containerInfo":"326690015446"}},{"@type":"type.googleapis.com/google.rpc.LocalizedMessage","locale":"en-US","message":"Compute Engine API has not been used in project 326690015446 before or it is disabled. Enable it by visiting https://console.developers.google.com/apis/api/compute.googleapis.com/overview?project=326690015446 then retry. If you enabled this API recently, wait a few minutes for the action to propagate to our systems and retry."},{"@type":"type.googleapis.com/google.rpc.Help","links":[{"description":"Google developers console API activation","url":"https://console.developers.google.com/apis/api/compute.googleapis.com/overview?project=326690015446"}]}]}},"response":{"statusCode":403}},"exit":1,"message":"Request to https://compute.googleapis.com/compute/v1/projects/326690015446 had HTTP Error: 403, Compute Engine API has not been used in project 326690015446 before or it is disabled. Enable it by visiting https://console.developers.google.com/apis/api/compute.googleapis.com/overview?project=326690015446 then retry. If you enabled this API recently, wait a few minutes for the action to propagate to our systems and retry.","status":403}
[debug] [2026-01-11T19:39:46.820Z] Checked if tokens are valid: true, expires at: 1768163338299
[debug] [2026-01-11T19:39:46.820Z] Checked if tokens are valid: true, expires at: 1768163338299
[debug] [2026-01-11T19:39:46.820Z] >>> [apiv2][query] GET https://compute.googleapis.com/compute/v1/projects/326690015446 [none]
[debug] [2026-01-11T19:39:46.896Z] <<< [apiv2][status] GET https://compute.googleapis.com/compute/v1/projects/326690015446 403
[debug] [2026-01-11T19:39:46.897Z] <<< [apiv2][body] GET https://compute.googleapis.com/compute/v1/projects/326690015446 {"error":{"code":403,"message":"Compute Engine API has not been used in project 326690015446 before or it is disabled. Enable it by visiting https://console.developers.google.com/apis/api/compute.googleapis.com/overview?project=326690015446 then retry. If you enabled this API recently, wait a few minutes for the action to propagate to our systems and retry.","errors":[{"message":"Compute Engine API has not been used in project 326690015446 before or it is disabled. Enable it by visiting https://console.developers.google.com/apis/api/compute.googleapis.com/overview?project=326690015446 then retry. If you enabled this API recently, wait a few minutes for the action to propagate to our systems and retry.","domain":"usageLimits","reason":"accessNotConfigured","extendedHelp":"https://console.developers.google.com"}],"status":"PERMISSION_DENIED","details":[{"@type":"type.googleapis.com/google.rpc.ErrorInfo","reason":"SERVICE_DISABLED","domain":"googleapis.com","metadata":{"service":"compute.googleapis.com","activationUrl":"https://console.developers.google.com/apis/api/compute.googleapis.com/overview?project=326690015446","consumer":"projects/326690015446","containerInfo":"326690015446","serviceTitle":"Compute Engine API"}},{"@type":"type.googleapis.com/google.rpc.LocalizedMessage","locale":"en-US","message":"Compute Engine API has not been used in project 326690015446 before or it is disabled. Enable it by visiting https://console.developers.google.com/apis/api/compute.googleapis.com/overview?project=326690015446 then retry. If you enabled this API recently, wait a few minutes for the action to propagate to our systems and retry."},{"@type":"type.googleapis.com/google.rpc.Help","links":[{"description":"Google developers console API activation","url":"https://console.developers.google.com/apis/api/compute.googleapis.com/overview?project=326690015446"}]}]}}
[debug] [2026-01-11T19:39:46.897Z] unable to look up default compute service account. Falling back to 326690015446-compute@developer.gserviceaccount.com. Error: {"name":"FirebaseError","children":[],"context":{"body":{"error":{"code":403,"message":"Compute Engine API has not been used in project 326690015446 before or it is disabled. Enable it by visiting https://console.developers.google.com/apis/api/compute.googleapis.com/overview?project=326690015446 then retry. If you enabled this API recently, wait a few minutes for the action to propagate to our systems and retry.","errors":[{"message":"Compute Engine API has not been used in project 326690015446 before or it is disabled. Enable it by visiting https://console.developers.google.com/apis/api/compute.googleapis.com/overview?project=326690015446 then retry. If you enabled this API recently, wait a few minutes for the action to propagate to our systems and retry.","domain":"usageLimits","reason":"accessNotConfigured","extendedHelp":"https://console.developers.google.com"}],"status":"PERMISSION_DENIED","details":[{"@type":"type.googleapis.com/google.rpc.ErrorInfo","reason":"SERVICE_DISABLED","domain":"googleapis.com","metadata":{"service":"compute.googleapis.com","activationUrl":"https://console.developers.google.com/apis/api/compute.googleapis.com/overview?project=326690015446","consumer":"projects/326690015446","containerInfo":"326690015446","serviceTitle":"Compute Engine API"}},{"@type":"type.googleapis.com/google.rpc.LocalizedMessage","locale":"en-US","message":"Compute Engine API has not been used in project 326690015446 before or it is disabled. Enable it by visiting https://console.developers.google.com/apis/api/compute.googleapis.com/overview?project=326690015446 then retry. If you enabled this API recently, wait a few minutes for the action to propagate to our systems and retry."},{"@type":"type.googleapis.com/google.rpc.Help","links":[{"description":"Google developers console API activation","url":"https://console.developers.google.com/apis/api/compute.googleapis.com/overview?project=326690015446"}]}]}},"response":{"statusCode":403}},"exit":1,"message":"Request to https://compute.googleapis.com/compute/v1/projects/326690015446 had HTTP Error: 403, Compute Engine API has not been used in project 326690015446 before or it is disabled. Enable it by visiting https://console.developers.google.com/apis/api/compute.googleapis.com/overview?project=326690015446 then retry. If you enabled this API recently, wait a few minutes for the action to propagate to our systems and retry.","status":403}
[debug] [2026-01-11T19:39:46.897Z] Checked if tokens are valid: true, expires at: 1768163338299
[debug] [2026-01-11T19:39:46.897Z] Checked if tokens are valid: true, expires at: 1768163338299
[debug] [2026-01-11T19:39:46.897Z] >>> [apiv2][query] GET https://compute.googleapis.com/compute/v1/projects/326690015446 [none]
[debug] [2026-01-11T19:39:46.972Z] <<< [apiv2][status] GET https://compute.googleapis.com/compute/v1/projects/326690015446 403
[debug] [2026-01-11T19:39:46.972Z] <<< [apiv2][body] GET https://compute.googleapis.com/compute/v1/projects/326690015446 {"error":{"code":403,"message":"Compute Engine API has not been used in project 326690015446 before or it is disabled. Enable it by visiting https://console.developers.google.com/apis/api/compute.googleapis.com/overview?project=326690015446 then retry. If you enabled this API recently, wait a few minutes for the action to propagate to our systems and retry.","errors":[{"message":"Compute Engine API has not been used in project 326690015446 before or it is disabled. Enable it by visiting https://console.developers.google.com/apis/api/compute.googleapis.com/overview?project=326690015446 then retry. If you enabled this API recently, wait a few minutes for the action to propagate to our systems and retry.","domain":"usageLimits","reason":"accessNotConfigured","extendedHelp":"https://console.developers.google.com"}],"status":"PERMISSION_DENIED","details":[{"@type":"type.googleapis.com/google.rpc.ErrorInfo","reason":"SERVICE_DISABLED","domain":"googleapis.com","metadata":{"consumer":"projects/326690015446","serviceTitle":"Compute Engine API","activationUrl":"https://console.developers.google.com/apis/api/compute.googleapis.com/overview?project=326690015446","service":"compute.googleapis.com","containerInfo":"326690015446"}},{"@type":"type.googleapis.com/google.rpc.LocalizedMessage","locale":"en-US","message":"Compute Engine API has not been used in project 326690015446 before or it is disabled. Enable it by visiting https://console.developers.google.com/apis/api/compute.googleapis.com/overview?project=326690015446 then retry. If you enabled this API recently, wait a few minutes for the action to propagate to our systems and retry."},{"@type":"type.googleapis.com/google.rpc.Help","links":[{"description":"Google developers console API activation","url":"https://console.developers.google.com/apis/api/compute.googleapis.com/overview?project=326690015446"}]}]}}
[debug] [2026-01-11T19:39:46.972Z] unable to look up default compute service account. Falling back to 326690015446-compute@developer.gserviceaccount.com. Error: {"name":"FirebaseError","children":[],"context":{"body":{"error":{"code":403,"message":"Compute Engine API has not been used in project 326690015446 before or it is disabled. Enable it by visiting https://console.developers.google.com/apis/api/compute.googleapis.com/overview?project=326690015446 then retry. If you enabled this API recently, wait a few minutes for the action to propagate to our systems and retry.","errors":[{"message":"Compute Engine API has not been used in project 326690015446 before or it is disabled. Enable it by visiting https://console.developers.google.com/apis/api/compute.googleapis.com/overview?project=326690015446 then retry. If you enabled this API recently, wait a few minutes for the action to propagate to our systems and retry.","domain":"usageLimits","reason":"accessNotConfigured","extendedHelp":"https://console.developers.google.com"}],"status":"PERMISSION_DENIED","details":[{"@type":"type.googleapis.com/google.rpc.ErrorInfo","reason":"SERVICE_DISABLED","domain":"googleapis.com","metadata":{"consumer":"projects/326690015446","serviceTitle":"Compute Engine API","activationUrl":"https://console.developers.google.com/apis/api/compute.googleapis.com/overview?project=326690015446","service":"compute.googleapis.com","containerInfo":"326690015446"}},{"@type":"type.googleapis.com/google.rpc.LocalizedMessage","locale":"en-US","message":"Compute Engine API has not been used in project 326690015446 before or it is disabled. Enable it by visiting https://console.developers.google.com/apis/api/compute.googleapis.com/overview?project=326690015446 then retry. If you enabled this API recently, wait a few minutes for the action to propagate to our systems and retry."},{"@type":"type.googleapis.com/google.rpc.Help","links":[{"description":"Google developers console API activation","url":"https://console.developers.google.com/apis/api/compute.googleapis.com/overview?project=326690015446"}]}]}},"response":{"statusCode":403}},"exit":1,"message":"Request to https://compute.googleapis.com/compute/v1/projects/326690015446 had HTTP Error: 403, Compute Engine API has not been used in project 326690015446 before or it is disabled. Enable it by visiting https://console.developers.google.com/apis/api/compute.googleapis.com/overview?project=326690015446 then retry. If you enabled this API recently, wait a few minutes for the action to propagate to our systems and retry.","status":403}
[debug] [2026-01-11T19:39:46.972Z] Checked if tokens are valid: true, expires at: 1768163338299
[debug] [2026-01-11T19:39:46.972Z] Checked if tokens are valid: true, expires at: 1768163338299
[debug] [2026-01-11T19:39:46.972Z] >>> [apiv2][query] GET https://compute.googleapis.com/compute/v1/projects/326690015446 [none]
[debug] [2026-01-11T19:39:47.074Z] <<< [apiv2][status] GET https://compute.googleapis.com/compute/v1/projects/326690015446 403
[debug] [2026-01-11T19:39:47.074Z] <<< [apiv2][body] GET https://compute.googleapis.com/compute/v1/projects/326690015446 {"error":{"code":403,"message":"Compute Engine API has not been used in project 326690015446 before or it is disabled. Enable it by visiting https://console.developers.google.com/apis/api/compute.googleapis.com/overview?project=326690015446 then retry. If you enabled this API recently, wait a few minutes for the action to propagate to our systems and retry.","errors":[{"message":"Compute Engine API has not been used in project 326690015446 before or it is disabled. Enable it by visiting https://console.developers.google.com/apis/api/compute.googleapis.com/overview?project=326690015446 then retry. If you enabled this API recently, wait a few minutes for the action to propagate to our systems and retry.","domain":"usageLimits","reason":"accessNotConfigured","extendedHelp":"https://console.developers.google.com"}],"status":"PERMISSION_DENIED","details":[{"@type":"type.googleapis.com/google.rpc.ErrorInfo","reason":"SERVICE_DISABLED","domain":"googleapis.com","metadata":{"consumer":"projects/326690015446","service":"compute.googleapis.com","containerInfo":"326690015446","activationUrl":"https://console.developers.google.com/apis/api/compute.googleapis.com/overview?project=326690015446","serviceTitle":"Compute Engine API"}},{"@type":"type.googleapis.com/google.rpc.LocalizedMessage","locale":"en-US","message":"Compute Engine API has not been used in project 326690015446 before or it is disabled. Enable it by visiting https://console.developers.google.com/apis/api/compute.googleapis.com/overview?project=326690015446 then retry. If you enabled this API recently, wait a few minutes for the action to propagate to our systems and retry."},{"@type":"type.googleapis.com/google.rpc.Help","links":[{"description":"Google developers console API activation","url":"https://console.developers.google.com/apis/api/compute.googleapis.com/overview?project=326690015446"}]}]}}
[debug] [2026-01-11T19:39:47.074Z] unable to look up default compute service account. Falling back to 326690015446-compute@developer.gserviceaccount.com. Error: {"name":"FirebaseError","children":[],"context":{"body":{"error":{"code":403,"message":"Compute Engine API has not been used in project 326690015446 before or it is disabled. Enable it by visiting https://console.developers.google.com/apis/api/compute.googleapis.com/overview?project=326690015446 then retry. If you enabled this API recently, wait a few minutes for the action to propagate to our systems and retry.","errors":[{"message":"Compute Engine API has not been used in project 326690015446 before or it is disabled. Enable it by visiting https://console.developers.google.com/apis/api/compute.googleapis.com/overview?project=326690015446 then retry. If you enabled this API recently, wait a few minutes for the action to propagate to our systems and retry.","domain":"usageLimits","reason":"accessNotConfigured","extendedHelp":"https://console.developers.google.com"}],"status":"PERMISSION_DENIED","details":[{"@type":"type.googleapis.com/google.rpc.ErrorInfo","reason":"SERVICE_DISABLED","domain":"googleapis.com","metadata":{"consumer":"projects/326690015446","service":"compute.googleapis.com","containerInfo":"326690015446","activationUrl":"https://console.developers.google.com/apis/api/compute.googleapis.com/overview?project=326690015446","serviceTitle":"Compute Engine API"}},{"@type":"type.googleapis.com/google.rpc.LocalizedMessage","locale":"en-US","message":"Compute Engine API has not been used in project 326690015446 before or it is disabled. Enable it by visiting https://console.developers.google.com/apis/api/compute.googleapis.com/overview?project=326690015446 then retry. If you enabled this API recently, wait a few minutes for the action to propagate to our systems and retry."},{"@type":"type.googleapis.com/google.rpc.Help","links":[{"description":"Google developers console API activation","url":"https://console.developers.google.com/apis/api/compute.googleapis.com/overview?project=326690015446"}]}]}},"response":{"statusCode":403}},"exit":1,"message":"Request to https://compute.googleapis.com/compute/v1/projects/326690015446 had HTTP Error: 403, Compute Engine API has not been used in project 326690015446 before or it is disabled. Enable it by visiting https://console.developers.google.com/apis/api/compute.googleapis.com/overview?project=326690015446 then retry. If you enabled this API recently, wait a few minutes for the action to propagate to our systems and retry.","status":403}
[debug] [2026-01-11T19:39:47.077Z] Checked if tokens are valid: true, expires at: 1768163338299
[debug] [2026-01-11T19:39:47.077Z] Checked if tokens are valid: true, expires at: 1768163338299
[debug] [2026-01-11T19:39:47.077Z] >>> [apiv2][query] POST https://firebasehosting.googleapis.com/v1beta1/projects/-/sites/wurdemaniot/versions [none]
[debug] [2026-01-11T19:39:47.077Z] >>> [apiv2][body] POST https://firebasehosting.googleapis.com/v1beta1/projects/-/sites/wurdemaniot/versions {"status":"CREATED","labels":{"deployment-tool":"cli-firebase"}}
[debug] [2026-01-11T19:39:47.631Z] <<< [apiv2][status] POST https://firebasehosting.googleapis.com/v1beta1/projects/-/sites/wurdemaniot/versions 200
[debug] [2026-01-11T19:39:47.631Z] <<< [apiv2][body] POST https://firebasehosting.googleapis.com/v1beta1/projects/-/sites/wurdemaniot/versions {"name":"projects/326690015446/sites/wurdemaniot/versions/235e89eadd8f738d","status":"CREATED","config":{},"labels":{"deployment-tool":"cli-firebase"}}
[debug] [2026-01-11T19:39:47.632Z] Checked if tokens are valid: true, expires at: 1768163338299
[debug] [2026-01-11T19:39:47.632Z] Checked if tokens are valid: true, expires at: 1768163338299
[debug] [2026-01-11T19:39:47.632Z] >>> [apiv2][query] GET https://cloudbilling.googleapis.com/v1/projects/wurdemaniot/billingInfo [none]
[debug] [2026-01-11T19:39:47.861Z] <<< [apiv2][status] GET https://cloudbilling.googleapis.com/v1/projects/wurdemaniot/billingInfo 200
[debug] [2026-01-11T19:39:47.861Z] <<< [apiv2][body] GET https://cloudbilling.googleapis.com/v1/projects/wurdemaniot/billingInfo {"name":"projects/wurdemaniot/billingInfo","projectId":"wurdemaniot","billingAccountName":"billingAccounts/011997-1A0A74-AC40C9","billingEnabled":true}
[debug] [2026-01-11T19:39:47.863Z] Checked if tokens are valid: true, expires at: 1768163338299
[debug] [2026-01-11T19:39:47.863Z] Checked if tokens are valid: true, expires at: 1768163338299
[debug] [2026-01-11T19:39:47.863Z] >>> [apiv2][query] POST https://cloudfunctions.googleapis.com/v2/projects/wurdemaniot/locations/us-central1/functions:generateUploadUrl [none]
[debug] [2026-01-11T19:39:48.004Z] <<< [apiv2][status] POST https://cloudfunctions.googleapis.com/v2/projects/wurdemaniot/locations/us-central1/functions:generateUploadUrl 200
[debug] [2026-01-11T19:39:48.004Z] <<< [apiv2][body] POST https://cloudfunctions.googleapis.com/v2/projects/wurdemaniot/locations/us-central1/functions:generateUploadUrl {"uploadUrl":"https://storage.googleapis.com/gcf-v2-uploads-326690015446.us-central1.cloudfunctions.appspot.com/3ee792ad-45e1-44cc-8171-6977102489d9.zip?GoogleAccessId=service-326690015446@gcf-admin-robot.iam.gserviceaccount.com&Expires=1768162188&Signature=1zCLRuveJux7BPHxgmLnx2haRoQFeBN%2FGZPw3UAs0FABYkEOcKffdPaWatB3H2TQGCHx4o0iT%2BRqGTG8tDgwt4A1eMy0%2FGuA%2FlQU9OIxvKKr2%2BKCxoDs03b32hklmdzZosFv9egFLJOatjbT1vCfr0Gx2GvsnCnXqI%2BcG1gMQHnWYThNSro5YqlgdoRHGMeIiBCfDEdMGE%2F7%2Fl5P8YT1d3MzDtcBOkPvBlc7hiKv6oUevBlS1nZ6AjSrlQCTgMTV%2F8agfwF6cVxmUryUn8QrWOrl3PwXT3wHejoX6vqaE%2BfsT1uFDN5CurfRl6Z0OqlyosjiRYke1JJN7H0KJ%2BoLIg%3D%3D","storageSource":{"bucket":"gcf-v2-uploads-326690015446.us-central1.cloudfunctions.appspot.com","object":"3ee792ad-45e1-44cc-8171-6977102489d9.zip"}}
[debug] [2026-01-11T19:39:48.005Z] >>> [apiv2][query] PUT https://storage.googleapis.com/gcf-v2-uploads-326690015446.us-central1.cloudfunctions.appspot.com/3ee792ad-45e1-44cc-8171-6977102489d9.zip GoogleAccessId=service-326690015446%40gcf-admin-robot.iam.gserviceaccount.com&Expires=1768162188&Signature=1zCLRuveJux7BPHxgmLnx2haRoQFeBN%2FGZPw3UAs0FABYkEOcKffdPaWatB3H2TQGCHx4o0iT%2BRqGTG8tDgwt4A1eMy0%2FGuA%2FlQU9OIxvKKr2%2BKCxoDs03b32hklmdzZosFv9egFLJOatjbT1vCfr0Gx2GvsnCnXqI%2BcG1gMQHnWYThNSro5YqlgdoRHGMeIiBCfDEdMGE%2F7%2Fl5P8YT1d3MzDtcBOkPvBlc7hiKv6oUevBlS1nZ6AjSrlQCTgMTV%2F8agfwF6cVxmUryUn8QrWOrl3PwXT3wHejoX6vqaE%2BfsT1uFDN5CurfRl6Z0OqlyosjiRYke1JJN7H0KJ%2BoLIg%3D%3D
[debug] [2026-01-11T19:39:48.005Z] >>> [apiv2][body] PUT https://storage.googleapis.com/gcf-v2-uploads-326690015446.us-central1.cloudfunctions.appspot.com/3ee792ad-45e1-44cc-8171-6977102489d9.zip [stream]
[debug] [2026-01-11T19:39:48.330Z] <<< [apiv2][status] PUT https://storage.googleapis.com/gcf-v2-uploads-326690015446.us-central1.cloudfunctions.appspot.com/3ee792ad-45e1-44cc-8171-6977102489d9.zip 200
[debug] [2026-01-11T19:39:48.330Z] <<< [apiv2][body] PUT https://storage.googleapis.com/gcf-v2-uploads-326690015446.us-central1.cloudfunctions.appspot.com/3ee792ad-45e1-44cc-8171-6977102489d9.zip [omitted]
[info] +  functions: functions source uploaded successfully 
[info] i  hosting[wurdemaniot]: beginning deploy... 
[info] i  hosting[wurdemaniot]: found 4 files in public 
[debug] [2026-01-11T19:39:48.344Z] [hosting] uploading with 200 concurrency
[debug] [2026-01-11T19:39:48.348Z] Checked if tokens are valid: true, expires at: 1768163338299
[debug] [2026-01-11T19:39:48.348Z] Checked if tokens are valid: true, expires at: 1768163338299
[debug] [2026-01-11T19:39:48.349Z] [hosting] hash cache [cHVibGlj] stored for 4 files
[debug] [2026-01-11T19:39:48.349Z] [hosting][hash queue][FINAL] {"max":1,"min":1,"avg":1,"active":0,"complete":4,"success":4,"errored":0,"retried":0,"total":4,"elapsed":2}
[debug] [2026-01-11T19:39:48.350Z] >>> [apiv2][query] POST https://firebasehosting.googleapis.com/v1beta1/projects/326690015446/sites/wurdemaniot/versions/235e89eadd8f738d:populateFiles [none]
[debug] [2026-01-11T19:39:48.350Z] >>> [apiv2][body] POST https://firebasehosting.googleapis.com/v1beta1/projects/326690015446/sites/wurdemaniot/versions/235e89eadd8f738d:populateFiles {"files":{"/styles.css":"f046e697ceb053540b3a14d34a50496cbc4cac5d3046f1ba7973b3631e6a4ec0","/index.html":"4a0fee15bf5a3d91f078f7a998cdfb1dc3291b7ff7f5e3f5530036da352ec172\r","/firebase-config.js":"7d6894169b5a8cad2201ecafa8e2df13adb134f16631b8d9e4b10f039b159462","/app.js":"218a1c39dfd889adb9d2a3d9500dd7ed484ab3fe09bd0391f792443ad32bb70d"}}
[debug] [2026-01-11T19:39:48.476Z] <<< [apiv2][status] POST https://firebasehosting.googleapis.com/v1beta1/projects/326690015446/sites/wurdemaniot/versions/235e89eadd8f738d:populateFiles 200
[debug] [2026-01-11T19:39:48.476Z] <<< [apiv2][body] POST https://firebasehosting.googleapis.com/v1beta1/projects/326690015446/sites/wurdemaniot/versions/235e89eadd8f738d:populateFiles {"uploadUrl":"https://upload-firebasehosting.googleapis.com/upload/sites/wurdemaniot/versions/235e89eadd8f738d/files"}
[debug] [2026-01-11T19:39:48.476Z] [hosting][populate queue][FINAL] {"max":128,"min":128,"avg":128,"active":0,"complete":1,"success":1,"errored":0,"retried":0,"total":1,"elapsed":128}
[debug] [2026-01-11T19:39:48.476Z] [hosting] uploads queued: 0
[debug] [2026-01-11T19:39:48.476Z] [hosting][upload queue][FINAL] {"max":0,"min":9999999999,"avg":0,"active":0,"complete":0,"success":0,"errored":0,"retried":0,"total":0,"elapsed":1768160388476}
[info] +  hosting[wurdemaniot]: file upload complete 
[debug] [2026-01-11T19:39:48.477Z] [hosting] deploy completed after 144ms
[info] i  functions: Skipping the deploy of unchanged functions. 
[info] +  functions[config(us-central1)] Skipped (No changes detected) 
[info] +  functions[thermostatIngest(us-central1)] Skipped (No changes detected) 
[info] +  functions[thermostatConfig(us-central1)] Skipped (No changes detected) 
[info] i  functions: updating Node.js 20 (2nd Gen) function ingest(us-central1)... 
[debug] [2026-01-11T19:39:48.483Z] Checked if tokens are valid: true, expires at: 1768163338299
[debug] [2026-01-11T19:39:48.483Z] Checked if tokens are valid: true, expires at: 1768163338299
[debug] [2026-01-11T19:39:48.483Z] >>> [apiv2][query] PATCH https://cloudfunctions.googleapis.com/v2/projects/wurdemaniot/locations/us-central1/functions/ingest updateMask=name%2CbuildConfig.runtime%2CbuildConfig.entryPoint%2CbuildConfig.source.storageSource.bucket%2CbuildConfig.source.storageSource.object%2CbuildConfig.environmentVariables%2CserviceConfig.environmentVariables%2CserviceConfig.secretEnvironmentVariables%2CserviceConfig.ingressSettings%2CserviceConfig.timeoutSeconds%2CserviceConfig.serviceAccountEmail%2CserviceConfig.availableMemory%2CserviceConfig.minInstanceCount%2CserviceConfig.maxInstanceCount%2CserviceConfig.maxInstanceRequestConcurrency%2CserviceConfig.availableCpu%2CserviceConfig.vpcConnector%2CserviceConfig.vpcConnectorEgressSettings%2Clabels
[debug] [2026-01-11T19:39:48.483Z] >>> [apiv2][body] PATCH https://cloudfunctions.googleapis.com/v2/projects/wurdemaniot/locations/us-central1/functions/ingest {"name":"projects/wurdemaniot/locations/us-central1/functions/ingest","buildConfig":{"runtime":"nodejs20","entryPoint":"ingest","source":{"storageSource":{"bucket":"gcf-v2-uploads-326690015446.us-central1.cloudfunctions.appspot.com","object":"3ee792ad-45e1-44cc-8171-6977102489d9.zip"}},"environmentVariables":{"GOOGLE_NODE_RUN_SCRIPTS":""}},"serviceConfig":{"environmentVariables":{"FIREBASE_CONFIG":"{\"projectId\":\"wurdemaniot\",\"databaseURL\":\"https://wurdemaniot-default-rtdb.firebaseio.com\",\"storageBucket\":\"wurdemaniot.firebasestorage.app\"}","GCLOUD_PROJECT":"wurdemaniot","EVENTARC_CLOUD_EVENT_SOURCE":"projects/wurdemaniot/locations/us-central1/services/ingest","FUNCTION_TARGET":"ingest","LOG_EXECUTION_ID":"true","DEVICE_TOKEN":"b7c9e2a41fd64e7d9f13c8a5"},"secretEnvironmentVariables":[{"key":"DEVICE_TOKEN","secret":"DEVICE_TOKEN","projectId":"wurdemaniot","version":"2"}],"ingressSettings":null,"timeoutSeconds":null,"serviceAccountEmail":null,"availableMemory":"256Mi","minInstanceCount":null,"maxInstanceCount":null,"maxInstanceRequestConcurrency":8,"availableCpu":"1","vpcConnector":null,"vpcConnectorEgressSettings":null},"labels":{"deployment-tool":"cli-firebase","firebase-functions-hash":"8923e5e52e58d5b3f9b668a0f4eb02d223fd96b5"}}
[debug] [2026-01-11T19:39:48.872Z] <<< [apiv2][status] PATCH https://cloudfunctions.googleapis.com/v2/projects/wurdemaniot/locations/us-central1/functions/ingest 400
[debug] [2026-01-11T19:39:48.872Z] <<< [apiv2][body] PATCH https://cloudfunctions.googleapis.com/v2/projects/wurdemaniot/locations/us-central1/functions/ingest {"error":{"code":400,"message":"Could not update Cloud Run service projects/wurdemaniot/locations/us-central1/services/ingest. spec.template.spec.containers[0].env: Secret environment variable overlaps non secret environment variable: DEVICE_TOKEN","status":"INVALID_ARGUMENT"}}
[warn] !  functions: Request to https://cloudfunctions.googleapis.com/v2/projects/wurdemaniot/locations/us-central1/functions/ingest?updateMask=name%2CbuildConfig.runtime%2CbuildConfig.entryPoint%2CbuildConfig.source.storageSource.bucket%2CbuildConfig.source.storageSource.object%2CbuildConfig.environmentVariables%2CserviceConfig.environmentVariables%2CserviceConfig.secretEnvironmentVariables%2CserviceConfig.ingressSettings%2CserviceConfig.timeoutSeconds%2CserviceConfig.serviceAccountEmail%2CserviceConfig.availableMemory%2CserviceConfig.minInstanceCount%2CserviceConfig.maxInstanceCount%2CserviceConfig.maxInstanceRequestConcurrency%2CserviceConfig.availableCpu%2CserviceConfig.vpcConnector%2CserviceConfig.vpcConnectorEgressSettings%2Clabels had HTTP Error: 400, Could not update Cloud Run service projects/wurdemaniot/locations/us-central1/services/ingest. spec.template.spec.containers[0].env: Secret environment variable overlaps non secret environment variable: DEVICE_TOKEN 
[warn] !  functions:  failed to update function projects/wurdemaniot/locations/us-central1/functions/ingest 
[error] Failed to update function projects/wurdemaniot/locations/us-central1/functions/ingest
[debug] [2026-01-11T19:39:48.881Z] Total Function Deployment time: 393
[debug] [2026-01-11T19:39:48.881Z] 1 Functions Deployed
[debug] [2026-01-11T19:39:48.881Z] 1 Functions Errored
[debug] [2026-01-11T19:39:48.881Z] 0 Function Deployments Aborted
[debug] [2026-01-11T19:39:48.881Z] Average Function Deployment time: 392
[info] 
[info] Functions deploy had errors with the following functions:
	ingest(us-central1)
[debug] [2026-01-11T19:39:48.999Z] Not printing URL for HTTPS function. Typically this means it didn't match a filter or we failed deployment
[debug] [2026-01-11T19:39:48.999Z] Not printing URL for HTTPS function. Typically this means it didn't match a filter or we failed deployment
[debug] [2026-01-11T19:39:48.999Z] Not printing URL for HTTPS function. Typically this means it didn't match a filter or we failed deployment
[debug] [2026-01-11T19:39:48.999Z] Not printing URL for HTTPS function. Typically this means it didn't match a filter or we failed deployment
[debug] [2026-01-11T19:39:49.000Z] Checked if tokens are valid: true, expires at: 1768163338299
[debug] [2026-01-11T19:39:49.000Z] Checked if tokens are valid: true, expires at: 1768163338299
[debug] [2026-01-11T19:39:49.000Z] >>> [apiv2][query] GET https://artifactregistry.googleapis.com/v1/projects/wurdemaniot/locations/us-central1/repositories/gcf-artifacts [none]
[debug] [2026-01-11T19:39:49.217Z] <<< [apiv2][status] GET https://artifactregistry.googleapis.com/v1/projects/wurdemaniot/locations/us-central1/repositories/gcf-artifacts 200
[debug] [2026-01-11T19:39:49.217Z] <<< [apiv2][body] GET https://artifactregistry.googleapis.com/v1/projects/wurdemaniot/locations/us-central1/repositories/gcf-artifacts {"name":"projects/wurdemaniot/locations/us-central1/repositories/gcf-artifacts","format":"DOCKER","description":"This repository is created and used by Cloud Functions for storing function docker images.","labels":{"goog-managed-by":"cloudfunctions"},"createTime":"2026-01-05T03:46:13.494222Z","updateTime":"2026-01-11T19:29:45.262033Z","mode":"STANDARD_REPOSITORY","cleanupPolicies":{"firebase-functions-cleanup":{"id":"firebase-functions-cleanup","action":"DELETE","condition":{"tagState":"ANY","olderThan":"86400s"}}},"sizeBytes":"172532896","vulnerabilityScanningConfig":{"lastEnableTime":"2026-01-05T03:46:05.257316875Z","enablementState":"SCANNING_DISABLED","enablementStateReason":"API containerscanning.googleapis.com is not enabled."},"satisfiesPzi":true,"registryUri":"us-central1-docker.pkg.dev/wurdemaniot/gcf-artifacts"}
[debug] [2026-01-11T19:39:49.218Z] Functions deploy failed.
[debug] [2026-01-11T19:39:49.218Z] {
  "endpoint": {
    "id": "ingest",
    "project": "wurdemaniot",
    "region": "us-central1",
    "entryPoint": "ingest",
    "platform": "gcfv2",
    "runtime": "nodejs20",
    "httpsTrigger": {},
    "labels": {
      "deployment-tool": "cli-firebase"
    },
    "secretEnvironmentVariables": [
      {
        "key": "DEVICE_TOKEN",
        "secret": "DEVICE_TOKEN",
        "projectId": "wurdemaniot",
        "version": "2"
      }
    ],
    "serviceAccount": null,
    "ingressSettings": null,
    "availableMemoryMb": null,
    "timeoutSeconds": null,
    "maxInstances": null,
    "minInstances": null,
    "concurrency": 8,
    "vpc": null,
    "environmentVariables": {
      "FIREBASE_CONFIG": "{\"projectId\":\"wurdemaniot\",\"databaseURL\":\"https://wurdemaniot-default-rtdb.firebaseio.com\",\"storageBucket\":\"wurdemaniot.firebasestorage.app\"}",
      "GCLOUD_PROJECT": "wurdemaniot",
      "EVENTARC_CLOUD_EVENT_SOURCE": "projects/wurdemaniot/locations/us-central1/services/ingest",
      "FUNCTION_TARGET": "ingest",
      "LOG_EXECUTION_ID": "true",
      "DEVICE_TOKEN": "b7c9e2a41fd64e7d9f13c8a5"
    },
    "codebase": "default",
    "runServiceId": "ingest",
    "cpu": 1,
    "securityLevel": "SECURE_ALWAYS",
    "targetedByOnly": false,
    "hash": "8923e5e52e58d5b3f9b668a0f4eb02d223fd96b5"
  },
  "op": "update",
  "original": {
    "name": "FirebaseError",
    "children": [],
    "context": {
      "function": "projects/wurdemaniot/locations/us-central1/functions/ingest"
    },
    "exit": 1,
    "message": "Failed to update function projects/wurdemaniot/locations/us-central1/functions/ingest",
    "original": {
      "name": "FirebaseError",
      "children": [],
      "context": {
        "body": {
          "error": {
            "code": 400,
            "message": "Could not update Cloud Run service projects/wurdemaniot/locations/us-central1/services/ingest. spec.template.spec.containers[0].env: Secret environment variable overlaps non secret environment variable: DEVICE_TOKEN",
            "status": "INVALID_ARGUMENT"
          }
        },
        "response": {
          "statusCode": 400
        }
      },
      "exit": 1,
      "message": "Request to https://cloudfunctions.googleapis.com/v2/projects/wurdemaniot/locations/us-central1/functions/ingest?updateMask=name%2CbuildConfig.runtime%2CbuildConfig.entryPoint%2CbuildConfig.source.storageSource.bucket%2CbuildConfig.source.storageSource.object%2CbuildConfig.environmentVariables%2CserviceConfig.environmentVariables%2CserviceConfig.secretEnvironmentVariables%2CserviceConfig.ingressSettings%2CserviceConfig.timeoutSeconds%2CserviceConfig.serviceAccountEmail%2CserviceConfig.availableMemory%2CserviceConfig.minInstanceCount%2CserviceConfig.maxInstanceCount%2CserviceConfig.maxInstanceRequestConcurrency%2CserviceConfig.availableCpu%2CserviceConfig.vpcConnector%2CserviceConfig.vpcConnectorEgressSettings%2Clabels had HTTP Error: 400, Could not update Cloud Run service projects/wurdemaniot/locations/us-central1/services/ingest. spec.template.spec.containers[0].env: Secret environment variable overlaps non secret environment variable: DEVICE_TOKEN",
      "status": 400
    },
    "status": 400,
    "code": 400
  }
}
[debug] [2026-01-11T19:39:49.258Z] Error: Failed to update function ingest in region us-central1
    at C:\Users\ethan\AppData\Roaming\npm\node_modules\firebase-tools\lib\deploy\functions\release\fabricator.js:411:19
    at process.processTicksAndRejections (node:internal/process/task_queues:105:5)
    at async Fabricator.updateV2Function (C:\Users\ethan\AppData\Roaming\npm\node_modules\firebase-tools\lib\deploy\functions\release\fabricator.js:400:32)
    at async Fabricator.updateEndpoint (C:\Users\ethan\AppData\Roaming\npm\node_modules\firebase-tools\lib\deploy\functions\release\fabricator.js:160:13)
    at async handle (C:\Users\ethan\AppData\Roaming\npm\node_modules\firebase-tools\lib\deploy\functions\release\fabricator.js:89:17)
[error] 
[error] Error: There was an error deploying functions
[debug] [2026-01-11T19:54:57.540Z] ----------------------------------------------------------------------
[debug] [2026-01-11T19:54:57.543Z] Command:       C:\Program Files\nodejs\node.exe C:\Users\ethan\AppData\Roaming\npm\node_modules\firebase-tools\lib\bin\firebase.js deploy --only hosting,functions
[debug] [2026-01-11T19:54:57.543Z] CLI Version:   15.1.0
[debug] [2026-01-11T19:54:57.543Z] Platform:      win32
[debug] [2026-01-11T19:54:57.543Z] Node Version:  v22.18.0
[debug] [2026-01-11T19:54:57.544Z] Time:          Sun Jan 11 2026 12:54:57 GMT-0700 (Mountain Standard Time)
[debug] [2026-01-11T19:54:57.544Z] ----------------------------------------------------------------------
[debug] 
[debug] [2026-01-11T19:54:59.216Z] > command requires scopes: ["email","openid","https://www.googleapis.com/auth/cloudplatformprojects.readonly","https://www.googleapis.com/auth/firebase","https://www.googleapis.com/auth/cloud-platform"]
[debug] [2026-01-11T19:54:59.216Z] > authorizing via signed-in user (ethanwurdeman@gmail.com)
[debug] [2026-01-11T19:54:59.216Z] [iam] checking project wurdemaniot for permissions ["cloudfunctions.functions.create","cloudfunctions.functions.delete","cloudfunctions.functions.get","cloudfunctions.functions.list","cloudfunctions.functions.update","cloudfunctions.operations.get","firebase.projects.get","firebasehosting.sites.update"]
[debug] [2026-01-11T19:54:59.218Z] Checked if tokens are valid: true, expires at: 1768163338299
[debug] [2026-01-11T19:54:59.218Z] Checked if tokens are valid: true, expires at: 1768163338299
[debug] [2026-01-11T19:54:59.219Z] >>> [apiv2][query] POST https://cloudresourcemanager.googleapis.com/v1/projects/wurdemaniot:testIamPermissions [none]
[debug] [2026-01-11T19:54:59.219Z] >>> [apiv2][(partial)header] POST https://cloudresourcemanager.googleapis.com/v1/projects/wurdemaniot:testIamPermissions x-goog-quota-user=projects/wurdemaniot
[debug] [2026-01-11T19:54:59.219Z] >>> [apiv2][body] POST https://cloudresourcemanager.googleapis.com/v1/projects/wurdemaniot:testIamPermissions {"permissions":["cloudfunctions.functions.create","cloudfunctions.functions.delete","cloudfunctions.functions.get","cloudfunctions.functions.list","cloudfunctions.functions.update","cloudfunctions.operations.get","firebase.projects.get","firebasehosting.sites.update"]}
[debug] [2026-01-11T19:54:59.501Z] <<< [apiv2][status] POST https://cloudresourcemanager.googleapis.com/v1/projects/wurdemaniot:testIamPermissions 200
[debug] [2026-01-11T19:54:59.501Z] <<< [apiv2][body] POST https://cloudresourcemanager.googleapis.com/v1/projects/wurdemaniot:testIamPermissions {"permissions":["cloudfunctions.functions.create","cloudfunctions.functions.delete","cloudfunctions.functions.get","cloudfunctions.functions.list","cloudfunctions.functions.update","cloudfunctions.operations.get","firebase.projects.get","firebasehosting.sites.update"]}
[debug] [2026-01-11T19:54:59.502Z] Checked if tokens are valid: true, expires at: 1768163338299
[debug] [2026-01-11T19:54:59.502Z] Checked if tokens are valid: true, expires at: 1768163338299
[debug] [2026-01-11T19:54:59.502Z] >>> [apiv2][query] POST https://iam.googleapis.com/v1/projects/wurdemaniot/serviceAccounts/wurdemaniot@appspot.gserviceaccount.com:testIamPermissions [none]
[debug] [2026-01-11T19:54:59.502Z] >>> [apiv2][body] POST https://iam.googleapis.com/v1/projects/wurdemaniot/serviceAccounts/wurdemaniot@appspot.gserviceaccount.com:testIamPermissions {"permissions":["iam.serviceAccounts.actAs"]}
[debug] [2026-01-11T19:54:59.765Z] <<< [apiv2][status] POST https://iam.googleapis.com/v1/projects/wurdemaniot/serviceAccounts/wurdemaniot@appspot.gserviceaccount.com:testIamPermissions 200
[debug] [2026-01-11T19:54:59.765Z] <<< [apiv2][body] POST https://iam.googleapis.com/v1/projects/wurdemaniot/serviceAccounts/wurdemaniot@appspot.gserviceaccount.com:testIamPermissions {"permissions":["iam.serviceAccounts.actAs"]}
[debug] [2026-01-11T19:54:59.765Z] Checked if tokens are valid: true, expires at: 1768163338299
[debug] [2026-01-11T19:54:59.765Z] Checked if tokens are valid: true, expires at: 1768163338299
[debug] [2026-01-11T19:54:59.766Z] >>> [apiv2][query] GET https://firebase.googleapis.com/v1beta1/projects/wurdemaniot [none]
[debug] [2026-01-11T19:55:00.077Z] <<< [apiv2][status] GET https://firebase.googleapis.com/v1beta1/projects/wurdemaniot 200
[debug] [2026-01-11T19:55:00.077Z] <<< [apiv2][body] GET https://firebase.googleapis.com/v1beta1/projects/wurdemaniot {"projectId":"wurdemaniot","projectNumber":"326690015446","displayName":"WurdemanIoT","name":"projects/wurdemaniot","resources":{"hostingSite":"wurdemaniot","realtimeDatabaseInstance":"wurdemaniot-default-rtdb"},"state":"ACTIVE","etag":"1_c4933132-8454-474a-9ce0-301acfffa0ff"}
[info] 
[info] === Deploying to 'wurdemaniot'...
[info] 
[info] i  deploying functions, hosting 
[debug] [2026-01-11T19:55:00.084Z] Checked if tokens are valid: true, expires at: 1768163338299
[debug] [2026-01-11T19:55:00.084Z] Checked if tokens are valid: true, expires at: 1768163338299
[debug] [2026-01-11T19:55:00.084Z] >>> [apiv2][query] GET https://cloudresourcemanager.googleapis.com/v1/projects/wurdemaniot [none]
[debug] [2026-01-11T19:55:00.171Z] <<< [apiv2][status] GET https://cloudresourcemanager.googleapis.com/v1/projects/wurdemaniot 200
[debug] [2026-01-11T19:55:00.171Z] <<< [apiv2][body] GET https://cloudresourcemanager.googleapis.com/v1/projects/wurdemaniot {"projectNumber":"326690015446","projectId":"wurdemaniot","lifecycleState":"ACTIVE","name":"WurdemanIoT","labels":{"firebase":"enabled","firebase-core":"disabled"},"createTime":"2026-01-05T00:18:45.953950Z"}
[info] i  functions: preparing codebase default for deployment 
[info] i  functions: ensuring required API cloudfunctions.googleapis.com is enabled... 
[info] i  functions: ensuring required API cloudbuild.googleapis.com is enabled... 
[info] i  artifactregistry: ensuring required API artifactregistry.googleapis.com is enabled... 
[debug] [2026-01-11T19:55:00.177Z] Checked if tokens are valid: true, expires at: 1768163338299
[debug] [2026-01-11T19:55:00.177Z] Checked if tokens are valid: true, expires at: 1768163338299
[debug] [2026-01-11T19:55:00.177Z] >>> [apiv2][query] GET https://firebase.googleapis.com/v1beta1/projects/wurdemaniot/adminSdkConfig [none]
[debug] [2026-01-11T19:55:00.513Z] <<< [apiv2][status] GET https://firebase.googleapis.com/v1beta1/projects/wurdemaniot/adminSdkConfig 200
[debug] [2026-01-11T19:55:00.513Z] <<< [apiv2][body] GET https://firebase.googleapis.com/v1beta1/projects/wurdemaniot/adminSdkConfig {"projectId":"wurdemaniot","databaseURL":"https://wurdemaniot-default-rtdb.firebaseio.com","storageBucket":"wurdemaniot.firebasestorage.app"}
[debug] [2026-01-11T19:55:00.513Z] Checked if tokens are valid: true, expires at: 1768163338299
[debug] [2026-01-11T19:55:00.513Z] Checked if tokens are valid: true, expires at: 1768163338299
[debug] [2026-01-11T19:55:00.514Z] >>> [apiv2][query] GET https://runtimeconfig.googleapis.com/v1beta1/projects/wurdemaniot/configs [none]
[debug] [2026-01-11T19:55:00.737Z] <<< [apiv2][status] GET https://runtimeconfig.googleapis.com/v1beta1/projects/wurdemaniot/configs 200
[debug] [2026-01-11T19:55:00.738Z] <<< [apiv2][body] GET https://runtimeconfig.googleapis.com/v1beta1/projects/wurdemaniot/configs {}
[debug] [2026-01-11T19:55:00.739Z] Validating nodejs source
[warn] !  functions: package.json indicates an outdated version of firebase-functions. Please upgrade using npm install --save firebase-functions@latest in your functions directory. 
[warn] !  functions: Please note that there will be breaking changes when you upgrade. 
[debug] [2026-01-11T19:55:01.869Z] > [functions] package.json contents: {
  "name": "trackerportal-functions",
  "version": "1.0.0",
  "private": true,
  "main": "lib/index.js",
  "scripts": {
    "build": "tsc",
    "deploy": "npm run build && firebase deploy --only functions",
    "serve": "npm run build && firebase emulators:start --only functions,firestore,auth"
  },
  "engines": {
    "node": "20"
  },
  "dependencies": {
    "@dataconnect/admin-generated": "file:src/dataconnect-admin-generated",
    "firebase-admin": "^12.0.0",
    "firebase-functions": "^7.0.2"
  },
  "devDependencies": {
    "@types/express": "^4.17.21",
    "@types/node": "^20.11.19",
    "ts-node": "^10.9.2",
    "typescript": "^5.3.3"
  }
}
[debug] [2026-01-11T19:55:01.869Z] Building nodejs source
[info] i  functions: Loading and analyzing source code for codebase default to determine what to deploy 
[debug] [2026-01-11T19:55:01.871Z] Could not find functions.yaml. Must use http discovery
[debug] [2026-01-11T19:55:01.883Z] Found firebase-functions binary at 'C:\Users\ethan\OneDrive\Documents\GitHub\WurdemanIoT\TrackerPortal\functions\node_modules\.bin\firebase-functions'
[info] Serving at port 8288

[debug] [2026-01-11T19:55:02.456Z] Got response from /__/functions.yaml {"endpoints":{"ingest":{"availableMemoryMb":null,"timeoutSeconds":null,"minInstances":null,"maxInstances":null,"ingressSettings":null,"concurrency":8,"serviceAccountEmail":null,"vpc":null,"platform":"gcfv2","region":["us-central1"],"secretEnvironmentVariables":[{"key":"DEVICE_TOKEN"}],"labels":{},"httpsTrigger":{},"entryPoint":"ingest"},"config":{"availableMemoryMb":null,"timeoutSeconds":null,"minInstances":null,"maxInstances":null,"ingressSettings":null,"concurrency":null,"serviceAccountEmail":null,"vpc":null,"platform":"gcfv2","region":["us-central1"],"secretEnvironmentVariables":[{"key":"DEVICE_TOKEN"}],"labels":{},"httpsTrigger":{},"entryPoint":"config"},"thermostatIngest":{"availableMemoryMb":null,"timeoutSeconds":null,"minInstances":null,"maxInstances":null,"ingressSettings":null,"concurrency":8,"serviceAccountEmail":null,"vpc":null,"platform":"gcfv2","region":["us-central1"],"secretEnvironmentVariables":[{"key":"THERMOSTAT_TOKEN"}],"labels":{},"httpsTrigger":{},"entryPoint":"thermostatIngest"},"thermostatConfig":{"availableMemoryMb":null,"timeoutSeconds":null,"minInstances":null,"maxInstances":null,"ingressSettings":null,"concurrency":null,"serviceAccountEmail":null,"vpc":null,"platform":"gcfv2","region":["us-central1"],"secretEnvironmentVariables":[{"key":"THERMOSTAT_TOKEN"}],"labels":{},"httpsTrigger":{},"entryPoint":"thermostatConfig"}},"specVersion":"v1alpha1","requiredAPIs":[],"extensions":{},"params":[{"type":"secret","name":"DEVICE_TOKEN"},{"type":"secret","name":"THERMOSTAT_TOKEN"}]}
[info] i  extensions: ensuring required API firebaseextensions.googleapis.com is enabled... 
[debug] [2026-01-11T19:55:06.501Z] > command requires scopes: ["email","openid","https://www.googleapis.com/auth/cloudplatformprojects.readonly","https://www.googleapis.com/auth/firebase","https://www.googleapis.com/auth/cloud-platform"]
[debug] [2026-01-11T19:55:06.501Z] > authorizing via signed-in user (ethanwurdeman@gmail.com)
[debug] [2026-01-11T19:55:06.501Z] [iam] checking project wurdemaniot for permissions ["firebase.projects.get","firebaseextensions.instances.list"]
[debug] [2026-01-11T19:55:06.501Z] Checked if tokens are valid: true, expires at: 1768163338299
[debug] [2026-01-11T19:55:06.502Z] Checked if tokens are valid: true, expires at: 1768163338299
[debug] [2026-01-11T19:55:06.502Z] >>> [apiv2][query] POST https://cloudresourcemanager.googleapis.com/v1/projects/wurdemaniot:testIamPermissions [none]
[debug] [2026-01-11T19:55:06.502Z] >>> [apiv2][(partial)header] POST https://cloudresourcemanager.googleapis.com/v1/projects/wurdemaniot:testIamPermissions x-goog-quota-user=projects/wurdemaniot
[debug] [2026-01-11T19:55:06.502Z] >>> [apiv2][body] POST https://cloudresourcemanager.googleapis.com/v1/projects/wurdemaniot:testIamPermissions {"permissions":["firebase.projects.get","firebaseextensions.instances.list"]}
[debug] [2026-01-11T19:55:06.651Z] <<< [apiv2][status] POST https://cloudresourcemanager.googleapis.com/v1/projects/wurdemaniot:testIamPermissions 200
[debug] [2026-01-11T19:55:06.651Z] <<< [apiv2][body] POST https://cloudresourcemanager.googleapis.com/v1/projects/wurdemaniot:testIamPermissions {"permissions":["firebase.projects.get","firebaseextensions.instances.list"]}
[debug] [2026-01-11T19:55:06.652Z] Checked if tokens are valid: true, expires at: 1768163338299
[debug] [2026-01-11T19:55:06.652Z] Checked if tokens are valid: true, expires at: 1768163338299
[debug] [2026-01-11T19:55:06.652Z] >>> [apiv2][query] GET https://firebaseextensions.googleapis.com/v1beta/projects/wurdemaniot/instances pageSize=100&pageToken=
[debug] [2026-01-11T19:55:06.934Z] <<< [apiv2][status] GET https://firebaseextensions.googleapis.com/v1beta/projects/wurdemaniot/instances 200
[debug] [2026-01-11T19:55:06.934Z] <<< [apiv2][body] GET https://firebaseextensions.googleapis.com/v1beta/projects/wurdemaniot/instances {}
[debug] [2026-01-11T19:55:06.935Z] Checked if tokens are valid: true, expires at: 1768163338299
[debug] [2026-01-11T19:55:06.935Z] Checked if tokens are valid: true, expires at: 1768163338299
[debug] [2026-01-11T19:55:06.935Z] >>> [apiv2][query] GET https://secretmanager.googleapis.com/v1/projects/wurdemaniot/secrets/DEVICE_TOKEN [none]
[debug] [2026-01-11T19:55:07.212Z] <<< [apiv2][status] GET https://secretmanager.googleapis.com/v1/projects/wurdemaniot/secrets/DEVICE_TOKEN 200
[debug] [2026-01-11T19:55:07.212Z] <<< [apiv2][body] GET https://secretmanager.googleapis.com/v1/projects/wurdemaniot/secrets/DEVICE_TOKEN {"name":"projects/326690015446/secrets/DEVICE_TOKEN","replication":{"automatic":{}},"createTime":"2026-01-11T08:25:37.352258Z","labels":{"firebase-managed":"functions"},"etag":"\"16481880cc7428\""}
[debug] [2026-01-11T19:55:07.213Z] Checked if tokens are valid: true, expires at: 1768163338299
[debug] [2026-01-11T19:55:07.213Z] Checked if tokens are valid: true, expires at: 1768163338299
[debug] [2026-01-11T19:55:07.213Z] >>> [apiv2][query] GET https://secretmanager.googleapis.com/v1/projects/wurdemaniot/secrets/DEVICE_TOKEN/versions/latest [none]
[debug] [2026-01-11T19:55:07.329Z] <<< [apiv2][status] GET https://secretmanager.googleapis.com/v1/projects/wurdemaniot/secrets/DEVICE_TOKEN/versions/latest 200
[debug] [2026-01-11T19:55:07.329Z] <<< [apiv2][body] GET https://secretmanager.googleapis.com/v1/projects/wurdemaniot/secrets/DEVICE_TOKEN/versions/latest {"name":"projects/326690015446/secrets/DEVICE_TOKEN/versions/2","createTime":"2026-01-11T09:56:06.407412Z","state":"ENABLED","replicationStatus":{"automatic":{}},"etag":"\"164819c46210f4\""}
[debug] [2026-01-11T19:55:07.329Z] Checked if tokens are valid: true, expires at: 1768163338299
[debug] [2026-01-11T19:55:07.329Z] Checked if tokens are valid: true, expires at: 1768163338299
[debug] [2026-01-11T19:55:07.329Z] >>> [apiv2][query] GET https://secretmanager.googleapis.com/v1/projects/wurdemaniot/secrets/THERMOSTAT_TOKEN [none]
[debug] [2026-01-11T19:55:07.441Z] <<< [apiv2][status] GET https://secretmanager.googleapis.com/v1/projects/wurdemaniot/secrets/THERMOSTAT_TOKEN 200
[debug] [2026-01-11T19:55:07.441Z] <<< [apiv2][body] GET https://secretmanager.googleapis.com/v1/projects/wurdemaniot/secrets/THERMOSTAT_TOKEN {"name":"projects/326690015446/secrets/THERMOSTAT_TOKEN","replication":{"automatic":{}},"createTime":"2026-01-11T08:10:21.325147Z","labels":{"firebase-managed":"functions"},"etag":"\"1648184a32284b\""}
[debug] [2026-01-11T19:55:07.441Z] Checked if tokens are valid: true, expires at: 1768163338299
[debug] [2026-01-11T19:55:07.441Z] Checked if tokens are valid: true, expires at: 1768163338299
[debug] [2026-01-11T19:55:07.441Z] >>> [apiv2][query] GET https://secretmanager.googleapis.com/v1/projects/wurdemaniot/secrets/THERMOSTAT_TOKEN/versions/latest [none]
[debug] [2026-01-11T19:55:07.611Z] <<< [apiv2][status] GET https://secretmanager.googleapis.com/v1/projects/wurdemaniot/secrets/THERMOSTAT_TOKEN/versions/latest 200
[debug] [2026-01-11T19:55:07.611Z] <<< [apiv2][body] GET https://secretmanager.googleapis.com/v1/projects/wurdemaniot/secrets/THERMOSTAT_TOKEN/versions/latest {"name":"projects/326690015446/secrets/THERMOSTAT_TOKEN/versions/4","createTime":"2026-01-11T09:55:57.292830Z","state":"ENABLED","replicationStatus":{"automatic":{}},"etag":"\"164819c3d6fd1e\""}
[info] i  functions: preparing functions directory for uploading... 
[info] i  functions: packaged C:\Users\ethan\OneDrive\Documents\GitHub\WurdemanIoT\TrackerPortal\functions (25.32 KB) for uploading 
[debug] [2026-01-11T19:55:07.661Z] Checked if tokens are valid: true, expires at: 1768163338299
[debug] [2026-01-11T19:55:07.661Z] Checked if tokens are valid: true, expires at: 1768163338299
[debug] [2026-01-11T19:55:07.661Z] >>> [apiv2][query] GET https://cloudfunctions.googleapis.com/v1/projects/wurdemaniot/locations/-/functions [none]
[debug] [2026-01-11T19:55:08.172Z] <<< [apiv2][status] GET https://cloudfunctions.googleapis.com/v1/projects/wurdemaniot/locations/-/functions 200
[debug] [2026-01-11T19:55:08.172Z] <<< [apiv2][body] GET https://cloudfunctions.googleapis.com/v1/projects/wurdemaniot/locations/-/functions {}
[debug] [2026-01-11T19:55:08.172Z] Checked if tokens are valid: true, expires at: 1768163338299
[debug] [2026-01-11T19:55:08.173Z] Checked if tokens are valid: true, expires at: 1768163338299
[debug] [2026-01-11T19:55:08.173Z] >>> [apiv2][query] GET https://cloudfunctions.googleapis.com/v2/projects/wurdemaniot/locations/-/functions filter=environment%3D%22GEN_2%22
[debug] [2026-01-11T19:55:08.545Z] <<< [apiv2][status] GET https://cloudfunctions.googleapis.com/v2/projects/wurdemaniot/locations/-/functions 200
[debug] [2026-01-11T19:55:08.545Z] <<< [apiv2][body] GET https://cloudfunctions.googleapis.com/v2/projects/wurdemaniot/locations/-/functions {"functions":[{"name":"projects/wurdemaniot/locations/us-central1/functions/thermostatIngest","buildConfig":{"build":"projects/326690015446/locations/us-central1/builds/a23fd2f5-11e7-45df-8bf6-80e471c96d48","runtime":"nodejs20","entryPoint":"thermostatIngest","source":{"storageSource":{"bucket":"gcf-v2-sources-326690015446-us-central1","object":"thermostatIngest/function-source.zip","generation":"1768156685385493"}},"environmentVariables":{"GOOGLE_NODE_RUN_SCRIPTS":""},"dockerRepository":"projects/wurdemaniot/locations/us-central1/repositories/gcf-artifacts","sourceProvenance":{"resolvedStorageSource":{"bucket":"gcf-v2-sources-326690015446-us-central1","object":"thermostatIngest/function-source.zip","generation":"1768156685385493"}},"dockerRegistry":"ARTIFACT_REGISTRY","serviceAccount":"projects/wurdemaniot/serviceAccounts/326690015446-compute@developer.gserviceaccount.com","automaticUpdatePolicy":{}},"serviceConfig":{"service":"projects/wurdemaniot/locations/us-central1/services/thermostatingest","timeoutSeconds":60,"environmentVariables":{"FIREBASE_CONFIG":"{\"projectId\":\"wurdemaniot\",\"databaseURL\":\"https://wurdemaniot-default-rtdb.firebaseio.com\",\"storageBucket\":\"wurdemaniot.firebasestorage.app\"}","GCLOUD_PROJECT":"wurdemaniot","EVENTARC_CLOUD_EVENT_SOURCE":"projects/wurdemaniot/locations/us-central1/services/thermostatIngest","FUNCTION_TARGET":"thermostatIngest","LOG_EXECUTION_ID":"true","DEVICE_TOKEN":"lksdg28722ln46llns7sdf"},"maxInstanceCount":12,"ingressSettings":"ALLOW_ALL","uri":"https://thermostatingest-dwoseol4ba-uc.a.run.app","serviceAccountEmail":"326690015446-compute@developer.gserviceaccount.com","availableMemory":"256Mi","allTrafficOnLatestRevision":true,"maxInstanceRequestConcurrency":8,"availableCpu":"1000m"},"state":"ACTIVE","updateTime":"2026-01-11T18:38:51.755840471Z","labels":{"deployment-tool":"cli-firebase","firebase-functions-hash":"142026e679b786dc8649c7ef431fd2c1ba645033"},"environment":"GEN_2","url":"https://us-central1-wurdemaniot.cloudfunctions.net/thermostatIngest","createTime":"2026-01-11T07:26:15.437090174Z","satisfiesPzi":true},{"name":"projects/wurdemaniot/locations/us-central1/functions/config","buildConfig":{"build":"projects/326690015446/locations/us-central1/builds/f2f642df-ec28-4dbc-ae72-be588c7cab4e","runtime":"nodejs20","entryPoint":"config","source":{"storageSource":{"bucket":"gcf-v2-sources-326690015446-us-central1","object":"config/function-source.zip","generation":"1768159752971126"}},"environmentVariables":{"GOOGLE_NODE_RUN_SCRIPTS":""},"dockerRepository":"projects/wurdemaniot/locations/us-central1/repositories/gcf-artifacts","sourceProvenance":{"resolvedStorageSource":{"bucket":"gcf-v2-sources-326690015446-us-central1","object":"config/function-source.zip","generation":"1768159752971126"}},"dockerRegistry":"ARTIFACT_REGISTRY","serviceAccount":"projects/wurdemaniot/serviceAccounts/326690015446-compute@developer.gserviceaccount.com","automaticUpdatePolicy":{}},"serviceConfig":{"service":"projects/wurdemaniot/locations/us-central1/services/config","timeoutSeconds":60,"environmentVariables":{"FIREBASE_CONFIG":"{\"projectId\":\"wurdemaniot\",\"databaseURL\":\"https://wurdemaniot-default-rtdb.firebaseio.com\",\"storageBucket\":\"wurdemaniot.firebasestorage.app\"}","GCLOUD_PROJECT":"wurdemaniot","EVENTARC_CLOUD_EVENT_SOURCE":"projects/wurdemaniot/locations/us-central1/services/config","FUNCTION_TARGET":"config","LOG_EXECUTION_ID":"true"},"maxInstanceCount":12,"ingressSettings":"ALLOW_ALL","uri":"https://config-dwoseol4ba-uc.a.run.app","serviceAccountEmail":"326690015446-compute@developer.gserviceaccount.com","availableMemory":"256Mi","allTrafficOnLatestRevision":true,"secretEnvironmentVariables":[{"key":"DEVICE_TOKEN","projectId":"wurdemaniot","secret":"DEVICE_TOKEN","version":"2"}],"revision":"config-00008-cuw","maxInstanceRequestConcurrency":80,"availableCpu":"1"},"state":"ACTIVE","updateTime":"2026-01-11T19:30:07.479438691Z","labels":{"deployment-tool":"cli-firebase","firebase-functions-hash":"8923e5e52e58d5b3f9b668a0f4eb02d223fd96b5"},"environment":"GEN_2","url":"https://us-central1-wurdemaniot.cloudfunctions.net/config","createTime":"2026-01-06T13:53:49.773752704Z","satisfiesPzi":true},{"name":"projects/wurdemaniot/locations/us-central1/functions/thermostatConfig","buildConfig":{"build":"projects/326690015446/locations/us-central1/builds/16543274-2691-45db-a2fe-5c70a1a94c41","runtime":"nodejs20","entryPoint":"thermostatConfig","source":{"storageSource":{"bucket":"gcf-v2-sources-326690015446-us-central1","object":"thermostatConfig/function-source.zip","generation":"1768159753154751"}},"environmentVariables":{"GOOGLE_NODE_RUN_SCRIPTS":""},"dockerRepository":"projects/wurdemaniot/locations/us-central1/repositories/gcf-artifacts","sourceProvenance":{"resolvedStorageSource":{"bucket":"gcf-v2-sources-326690015446-us-central1","object":"thermostatConfig/function-source.zip","generation":"1768159753154751"}},"dockerRegistry":"ARTIFACT_REGISTRY","serviceAccount":"projects/wurdemaniot/serviceAccounts/326690015446-compute@developer.gserviceaccount.com","automaticUpdatePolicy":{}},"serviceConfig":{"service":"projects/wurdemaniot/locations/us-central1/services/thermostatconfig","timeoutSeconds":60,"environmentVariables":{"FIREBASE_CONFIG":"{\"projectId\":\"wurdemaniot\",\"databaseURL\":\"https://wurdemaniot-default-rtdb.firebaseio.com\",\"storageBucket\":\"wurdemaniot.firebasestorage.app\"}","GCLOUD_PROJECT":"wurdemaniot","EVENTARC_CLOUD_EVENT_SOURCE":"projects/wurdemaniot/locations/us-central1/services/thermostatConfig","FUNCTION_TARGET":"thermostatConfig","LOG_EXECUTION_ID":"true"},"maxInstanceCount":12,"ingressSettings":"ALLOW_ALL","uri":"https://thermostatconfig-dwoseol4ba-uc.a.run.app","serviceAccountEmail":"326690015446-compute@developer.gserviceaccount.com","availableMemory":"256Mi","allTrafficOnLatestRevision":true,"secretEnvironmentVariables":[{"key":"THERMOSTAT_TOKEN","projectId":"wurdemaniot","secret":"THERMOSTAT_TOKEN","version":"4"}],"revision":"thermostatconfig-00007-viz","maxInstanceRequestConcurrency":80,"availableCpu":"1"},"state":"ACTIVE","updateTime":"2026-01-11T19:30:05.064091941Z","labels":{"deployment-tool":"cli-firebase","firebase-functions-hash":"142026e679b786dc8649c7ef431fd2c1ba645033"},"environment":"GEN_2","url":"https://us-central1-wurdemaniot.cloudfunctions.net/thermostatConfig","createTime":"2026-01-11T07:26:15.518075645Z","satisfiesPzi":true},{"name":"projects/wurdemaniot/locations/us-central1/functions/ingest","buildConfig":{"build":"projects/326690015446/locations/us-central1/builds/5add9869-3e9b-44d3-8795-af8f4798d7af","runtime":"nodejs20","entryPoint":"ingest","source":{"storageSource":{"bucket":"gcf-v2-sources-326690015446-us-central1","object":"ingest/function-source.zip","generation":"1768116375794773"}},"environmentVariables":{"GOOGLE_NODE_RUN_SCRIPTS":""},"dockerRepository":"projects/wurdemaniot/locations/us-central1/repositories/gcf-artifacts","sourceProvenance":{"resolvedStorageSource":{"bucket":"gcf-v2-sources-326690015446-us-central1","object":"ingest/function-source.zip","generation":"1768116375794773"}},"dockerRegistry":"ARTIFACT_REGISTRY","serviceAccount":"projects/wurdemaniot/serviceAccounts/326690015446-compute@developer.gserviceaccount.com","automaticUpdatePolicy":{}},"serviceConfig":{"service":"projects/wurdemaniot/locations/us-central1/services/ingest","timeoutSeconds":60,"environmentVariables":{"FIREBASE_CONFIG":"{\"projectId\":\"wurdemaniot\",\"databaseURL\":\"https://wurdemaniot-default-rtdb.firebaseio.com\",\"storageBucket\":\"wurdemaniot.firebasestorage.app\"}","GCLOUD_PROJECT":"wurdemaniot","EVENTARC_CLOUD_EVENT_SOURCE":"projects/wurdemaniot/locations/us-central1/services/ingest","FUNCTION_TARGET":"ingest","LOG_EXECUTION_ID":"true","DEVICE_TOKEN":"b7c9e2a41fd64e7d9f13c8a5"},"maxInstanceCount":12,"ingressSettings":"ALLOW_ALL","uri":"https://ingest-dwoseol4ba-uc.a.run.app","serviceAccountEmail":"326690015446-compute@developer.gserviceaccount.com","availableMemory":"256Mi","allTrafficOnLatestRevision":true,"revision":"ingest-00009-win","maxInstanceRequestConcurrency":8,"availableCpu":"1"},"state":"ACTIVE","updateTime":"2026-01-11T07:27:08.090494734Z","labels":{"deployment-tool":"cli-firebase","firebase-functions-hash":"ce8d1156347d46d7f3a582d2b0fef4e1be59edf4"},"environment":"GEN_2","url":"https://us-central1-wurdemaniot.cloudfunctions.net/ingest","createTime":"2026-01-05T03:46:05.081154302Z","satisfiesPzi":true}]}
[info] i  functions: ensuring required API run.googleapis.com is enabled... 
[info] i  functions: ensuring required API eventarc.googleapis.com is enabled... 
[info] i  functions: ensuring required API pubsub.googleapis.com is enabled... 
[info] i  functions: ensuring required API storage.googleapis.com is enabled... 
[info] i  functions: generating the service identity for pubsub.googleapis.com... 
[debug] [2026-01-11T19:55:08.551Z] Checked if tokens are valid: true, expires at: 1768163338299
[debug] [2026-01-11T19:55:08.551Z] Checked if tokens are valid: true, expires at: 1768163338299
[info] i  functions: generating the service identity for eventarc.googleapis.com... 
[debug] [2026-01-11T19:55:08.551Z] Checked if tokens are valid: true, expires at: 1768163338299
[debug] [2026-01-11T19:55:08.551Z] Checked if tokens are valid: true, expires at: 1768163338299
[debug] [2026-01-11T19:55:08.551Z] >>> [apiv2][query] POST https://serviceusage.googleapis.com/v1beta1/projects/326690015446/services/pubsub.googleapis.com:generateServiceIdentity [none]
[debug] [2026-01-11T19:55:08.551Z] >>> [apiv2][(partial)header] POST https://serviceusage.googleapis.com/v1beta1/projects/326690015446/services/pubsub.googleapis.com:generateServiceIdentity x-goog-quota-user=projects/326690015446
[debug] [2026-01-11T19:55:08.551Z] >>> [apiv2][body] POST https://serviceusage.googleapis.com/v1beta1/projects/326690015446/services/pubsub.googleapis.com:generateServiceIdentity {}
[debug] [2026-01-11T19:55:08.553Z] >>> [apiv2][query] POST https://serviceusage.googleapis.com/v1beta1/projects/326690015446/services/eventarc.googleapis.com:generateServiceIdentity [none]
[debug] [2026-01-11T19:55:08.553Z] >>> [apiv2][(partial)header] POST https://serviceusage.googleapis.com/v1beta1/projects/326690015446/services/eventarc.googleapis.com:generateServiceIdentity x-goog-quota-user=projects/326690015446
[debug] [2026-01-11T19:55:08.553Z] >>> [apiv2][body] POST https://serviceusage.googleapis.com/v1beta1/projects/326690015446/services/eventarc.googleapis.com:generateServiceIdentity {}
[debug] [2026-01-11T19:55:08.903Z] <<< [apiv2][status] POST https://serviceusage.googleapis.com/v1beta1/projects/326690015446/services/eventarc.googleapis.com:generateServiceIdentity 200
[debug] [2026-01-11T19:55:08.903Z] <<< [apiv2][body] POST https://serviceusage.googleapis.com/v1beta1/projects/326690015446/services/eventarc.googleapis.com:generateServiceIdentity {"name":"operations/finished.DONE_OPERATION","done":true,"response":{"@type":"type.googleapis.com/google.api.serviceusage.v1beta1.ServiceIdentity","email":"service-326690015446@gcp-sa-eventarc.iam.gserviceaccount.com","uniqueId":"101473904706113487265"}}
[debug] [2026-01-11T19:55:08.934Z] <<< [apiv2][status] POST https://serviceusage.googleapis.com/v1beta1/projects/326690015446/services/pubsub.googleapis.com:generateServiceIdentity 200
[debug] [2026-01-11T19:55:08.934Z] <<< [apiv2][body] POST https://serviceusage.googleapis.com/v1beta1/projects/326690015446/services/pubsub.googleapis.com:generateServiceIdentity {"name":"operations/finished.DONE_OPERATION","done":true,"response":{"@type":"type.googleapis.com/google.api.serviceusage.v1beta1.ServiceIdentity","email":"service-326690015446@gcp-sa-pubsub.iam.gserviceaccount.com","uniqueId":"116063021749518125320"}}
[info] i  functions: ensuring required API secretmanager.googleapis.com is enabled... 
[debug] [2026-01-11T19:55:08.937Z] Checked if tokens are valid: true, expires at: 1768163338299
[debug] [2026-01-11T19:55:08.937Z] Checked if tokens are valid: true, expires at: 1768163338299
[debug] [2026-01-11T19:55:08.937Z] Checked if tokens are valid: true, expires at: 1768163338299
[debug] [2026-01-11T19:55:08.937Z] Checked if tokens are valid: true, expires at: 1768163338299
[debug] [2026-01-11T19:55:08.937Z] >>> [apiv2][query] GET https://secretmanager.googleapis.com/v1/projects/wurdemaniot/secrets/DEVICE_TOKEN/versions/latest [none]
[debug] [2026-01-11T19:55:08.938Z] >>> [apiv2][query] GET https://secretmanager.googleapis.com/v1/projects/wurdemaniot/secrets/THERMOSTAT_TOKEN/versions/latest [none]
[debug] [2026-01-11T19:55:09.026Z] <<< [apiv2][status] GET https://secretmanager.googleapis.com/v1/projects/wurdemaniot/secrets/DEVICE_TOKEN/versions/latest 200
[debug] [2026-01-11T19:55:09.026Z] <<< [apiv2][body] GET https://secretmanager.googleapis.com/v1/projects/wurdemaniot/secrets/DEVICE_TOKEN/versions/latest {"name":"projects/326690015446/secrets/DEVICE_TOKEN/versions/2","createTime":"2026-01-11T09:56:06.407412Z","state":"ENABLED","replicationStatus":{"automatic":{}},"etag":"\"164819c46210f4\""}
[debug] [2026-01-11T19:55:09.026Z] Resolved secret version of DEVICE_TOKEN to 2.
[debug] [2026-01-11T19:55:09.163Z] <<< [apiv2][status] GET https://secretmanager.googleapis.com/v1/projects/wurdemaniot/secrets/THERMOSTAT_TOKEN/versions/latest 200
[debug] [2026-01-11T19:55:09.163Z] <<< [apiv2][body] GET https://secretmanager.googleapis.com/v1/projects/wurdemaniot/secrets/THERMOSTAT_TOKEN/versions/latest {"name":"projects/326690015446/secrets/THERMOSTAT_TOKEN/versions/4","createTime":"2026-01-11T09:55:57.292830Z","state":"ENABLED","replicationStatus":{"automatic":{}},"etag":"\"164819c3d6fd1e\""}
[debug] [2026-01-11T19:55:09.163Z] Resolved secret version of THERMOSTAT_TOKEN to 4.
[debug] [2026-01-11T19:55:09.164Z] Checked if tokens are valid: true, expires at: 1768163338299
[debug] [2026-01-11T19:55:09.164Z] Checked if tokens are valid: true, expires at: 1768163338299
[debug] [2026-01-11T19:55:09.164Z] >>> [apiv2][query] GET https://cloudresourcemanager.googleapis.com/v1/projects/wurdemaniot [none]
[debug] [2026-01-11T19:55:09.244Z] <<< [apiv2][status] GET https://cloudresourcemanager.googleapis.com/v1/projects/wurdemaniot 200
[debug] [2026-01-11T19:55:09.244Z] <<< [apiv2][body] GET https://cloudresourcemanager.googleapis.com/v1/projects/wurdemaniot {"projectNumber":"326690015446","projectId":"wurdemaniot","lifecycleState":"ACTIVE","name":"WurdemanIoT","labels":{"firebase":"enabled","firebase-core":"disabled"},"createTime":"2026-01-05T00:18:45.953950Z"}
[debug] [2026-01-11T19:55:09.244Z] Checked if tokens are valid: true, expires at: 1768163338299
[debug] [2026-01-11T19:55:09.244Z] Checked if tokens are valid: true, expires at: 1768163338299
[debug] [2026-01-11T19:55:09.244Z] >>> [apiv2][query] GET https://compute.googleapis.com/compute/v1/projects/326690015446 [none]
[debug] [2026-01-11T19:55:09.468Z] <<< [apiv2][status] GET https://compute.googleapis.com/compute/v1/projects/326690015446 403
[debug] [2026-01-11T19:55:09.468Z] <<< [apiv2][body] GET https://compute.googleapis.com/compute/v1/projects/326690015446 {"error":{"code":403,"message":"Compute Engine API has not been used in project 326690015446 before or it is disabled. Enable it by visiting https://console.developers.google.com/apis/api/compute.googleapis.com/overview?project=326690015446 then retry. If you enabled this API recently, wait a few minutes for the action to propagate to our systems and retry.","errors":[{"message":"Compute Engine API has not been used in project 326690015446 before or it is disabled. Enable it by visiting https://console.developers.google.com/apis/api/compute.googleapis.com/overview?project=326690015446 then retry. If you enabled this API recently, wait a few minutes for the action to propagate to our systems and retry.","domain":"usageLimits","reason":"accessNotConfigured","extendedHelp":"https://console.developers.google.com"}],"status":"PERMISSION_DENIED","details":[{"@type":"type.googleapis.com/google.rpc.ErrorInfo","reason":"SERVICE_DISABLED","domain":"googleapis.com","metadata":{"service":"compute.googleapis.com","containerInfo":"326690015446","serviceTitle":"Compute Engine API","consumer":"projects/326690015446","activationUrl":"https://console.developers.google.com/apis/api/compute.googleapis.com/overview?project=326690015446"}},{"@type":"type.googleapis.com/google.rpc.LocalizedMessage","locale":"en-US","message":"Compute Engine API has not been used in project 326690015446 before or it is disabled. Enable it by visiting https://console.developers.google.com/apis/api/compute.googleapis.com/overview?project=326690015446 then retry. If you enabled this API recently, wait a few minutes for the action to propagate to our systems and retry."},{"@type":"type.googleapis.com/google.rpc.Help","links":[{"description":"Google developers console API activation","url":"https://console.developers.google.com/apis/api/compute.googleapis.com/overview?project=326690015446"}]}]}}
[debug] [2026-01-11T19:55:09.469Z] unable to look up default compute service account. Falling back to 326690015446-compute@developer.gserviceaccount.com. Error: {"name":"FirebaseError","children":[],"context":{"body":{"error":{"code":403,"message":"Compute Engine API has not been used in project 326690015446 before or it is disabled. Enable it by visiting https://console.developers.google.com/apis/api/compute.googleapis.com/overview?project=326690015446 then retry. If you enabled this API recently, wait a few minutes for the action to propagate to our systems and retry.","errors":[{"message":"Compute Engine API has not been used in project 326690015446 before or it is disabled. Enable it by visiting https://console.developers.google.com/apis/api/compute.googleapis.com/overview?project=326690015446 then retry. If you enabled this API recently, wait a few minutes for the action to propagate to our systems and retry.","domain":"usageLimits","reason":"accessNotConfigured","extendedHelp":"https://console.developers.google.com"}],"status":"PERMISSION_DENIED","details":[{"@type":"type.googleapis.com/google.rpc.ErrorInfo","reason":"SERVICE_DISABLED","domain":"googleapis.com","metadata":{"service":"compute.googleapis.com","containerInfo":"326690015446","serviceTitle":"Compute Engine API","consumer":"projects/326690015446","activationUrl":"https://console.developers.google.com/apis/api/compute.googleapis.com/overview?project=326690015446"}},{"@type":"type.googleapis.com/google.rpc.LocalizedMessage","locale":"en-US","message":"Compute Engine API has not been used in project 326690015446 before or it is disabled. Enable it by visiting https://console.developers.google.com/apis/api/compute.googleapis.com/overview?project=326690015446 then retry. If you enabled this API recently, wait a few minutes for the action to propagate to our systems and retry."},{"@type":"type.googleapis.com/google.rpc.Help","links":[{"description":"Google developers console API activation","url":"https://console.developers.google.com/apis/api/compute.googleapis.com/overview?project=326690015446"}]}]}},"response":{"statusCode":403}},"exit":1,"message":"Request to https://compute.googleapis.com/compute/v1/projects/326690015446 had HTTP Error: 403, Compute Engine API has not been used in project 326690015446 before or it is disabled. Enable it by visiting https://console.developers.google.com/apis/api/compute.googleapis.com/overview?project=326690015446 then retry. If you enabled this API recently, wait a few minutes for the action to propagate to our systems and retry.","status":403}
[debug] [2026-01-11T19:55:09.469Z] Checked if tokens are valid: true, expires at: 1768163338299
[debug] [2026-01-11T19:55:09.469Z] Checked if tokens are valid: true, expires at: 1768163338299
[debug] [2026-01-11T19:55:09.469Z] >>> [apiv2][query] GET https://compute.googleapis.com/compute/v1/projects/326690015446 [none]
[debug] [2026-01-11T19:55:09.567Z] <<< [apiv2][status] GET https://compute.googleapis.com/compute/v1/projects/326690015446 403
[debug] [2026-01-11T19:55:09.567Z] <<< [apiv2][body] GET https://compute.googleapis.com/compute/v1/projects/326690015446 {"error":{"code":403,"message":"Compute Engine API has not been used in project 326690015446 before or it is disabled. Enable it by visiting https://console.developers.google.com/apis/api/compute.googleapis.com/overview?project=326690015446 then retry. If you enabled this API recently, wait a few minutes for the action to propagate to our systems and retry.","errors":[{"message":"Compute Engine API has not been used in project 326690015446 before or it is disabled. Enable it by visiting https://console.developers.google.com/apis/api/compute.googleapis.com/overview?project=326690015446 then retry. If you enabled this API recently, wait a few minutes for the action to propagate to our systems and retry.","domain":"usageLimits","reason":"accessNotConfigured","extendedHelp":"https://console.developers.google.com"}],"status":"PERMISSION_DENIED","details":[{"@type":"type.googleapis.com/google.rpc.ErrorInfo","reason":"SERVICE_DISABLED","domain":"googleapis.com","metadata":{"serviceTitle":"Compute Engine API","service":"compute.googleapis.com","containerInfo":"326690015446","activationUrl":"https://console.developers.google.com/apis/api/compute.googleapis.com/overview?project=326690015446","consumer":"projects/326690015446"}},{"@type":"type.googleapis.com/google.rpc.LocalizedMessage","locale":"en-US","message":"Compute Engine API has not been used in project 326690015446 before or it is disabled. Enable it by visiting https://console.developers.google.com/apis/api/compute.googleapis.com/overview?project=326690015446 then retry. If you enabled this API recently, wait a few minutes for the action to propagate to our systems and retry."},{"@type":"type.googleapis.com/google.rpc.Help","links":[{"description":"Google developers console API activation","url":"https://console.developers.google.com/apis/api/compute.googleapis.com/overview?project=326690015446"}]}]}}
[debug] [2026-01-11T19:55:09.567Z] unable to look up default compute service account. Falling back to 326690015446-compute@developer.gserviceaccount.com. Error: {"name":"FirebaseError","children":[],"context":{"body":{"error":{"code":403,"message":"Compute Engine API has not been used in project 326690015446 before or it is disabled. Enable it by visiting https://console.developers.google.com/apis/api/compute.googleapis.com/overview?project=326690015446 then retry. If you enabled this API recently, wait a few minutes for the action to propagate to our systems and retry.","errors":[{"message":"Compute Engine API has not been used in project 326690015446 before or it is disabled. Enable it by visiting https://console.developers.google.com/apis/api/compute.googleapis.com/overview?project=326690015446 then retry. If you enabled this API recently, wait a few minutes for the action to propagate to our systems and retry.","domain":"usageLimits","reason":"accessNotConfigured","extendedHelp":"https://console.developers.google.com"}],"status":"PERMISSION_DENIED","details":[{"@type":"type.googleapis.com/google.rpc.ErrorInfo","reason":"SERVICE_DISABLED","domain":"googleapis.com","metadata":{"serviceTitle":"Compute Engine API","service":"compute.googleapis.com","containerInfo":"326690015446","activationUrl":"https://console.developers.google.com/apis/api/compute.googleapis.com/overview?project=326690015446","consumer":"projects/326690015446"}},{"@type":"type.googleapis.com/google.rpc.LocalizedMessage","locale":"en-US","message":"Compute Engine API has not been used in project 326690015446 before or it is disabled. Enable it by visiting https://console.developers.google.com/apis/api/compute.googleapis.com/overview?project=326690015446 then retry. If you enabled this API recently, wait a few minutes for the action to propagate to our systems and retry."},{"@type":"type.googleapis.com/google.rpc.Help","links":[{"description":"Google developers console API activation","url":"https://console.developers.google.com/apis/api/compute.googleapis.com/overview?project=326690015446"}]}]}},"response":{"statusCode":403}},"exit":1,"message":"Request to https://compute.googleapis.com/compute/v1/projects/326690015446 had HTTP Error: 403, Compute Engine API has not been used in project 326690015446 before or it is disabled. Enable it by visiting https://console.developers.google.com/apis/api/compute.googleapis.com/overview?project=326690015446 then retry. If you enabled this API recently, wait a few minutes for the action to propagate to our systems and retry.","status":403}
[debug] [2026-01-11T19:55:09.567Z] Checked if tokens are valid: true, expires at: 1768163338299
[debug] [2026-01-11T19:55:09.567Z] Checked if tokens are valid: true, expires at: 1768163338299
[debug] [2026-01-11T19:55:09.567Z] >>> [apiv2][query] GET https://compute.googleapis.com/compute/v1/projects/326690015446 [none]
[debug] [2026-01-11T19:55:09.633Z] <<< [apiv2][status] GET https://compute.googleapis.com/compute/v1/projects/326690015446 403
[debug] [2026-01-11T19:55:09.634Z] <<< [apiv2][body] GET https://compute.googleapis.com/compute/v1/projects/326690015446 {"error":{"code":403,"message":"Compute Engine API has not been used in project 326690015446 before or it is disabled. Enable it by visiting https://console.developers.google.com/apis/api/compute.googleapis.com/overview?project=326690015446 then retry. If you enabled this API recently, wait a few minutes for the action to propagate to our systems and retry.","errors":[{"message":"Compute Engine API has not been used in project 326690015446 before or it is disabled. Enable it by visiting https://console.developers.google.com/apis/api/compute.googleapis.com/overview?project=326690015446 then retry. If you enabled this API recently, wait a few minutes for the action to propagate to our systems and retry.","domain":"usageLimits","reason":"accessNotConfigured","extendedHelp":"https://console.developers.google.com"}],"status":"PERMISSION_DENIED","details":[{"@type":"type.googleapis.com/google.rpc.ErrorInfo","reason":"SERVICE_DISABLED","domain":"googleapis.com","metadata":{"activationUrl":"https://console.developers.google.com/apis/api/compute.googleapis.com/overview?project=326690015446","serviceTitle":"Compute Engine API","containerInfo":"326690015446","service":"compute.googleapis.com","consumer":"projects/326690015446"}},{"@type":"type.googleapis.com/google.rpc.LocalizedMessage","locale":"en-US","message":"Compute Engine API has not been used in project 326690015446 before or it is disabled. Enable it by visiting https://console.developers.google.com/apis/api/compute.googleapis.com/overview?project=326690015446 then retry. If you enabled this API recently, wait a few minutes for the action to propagate to our systems and retry."},{"@type":"type.googleapis.com/google.rpc.Help","links":[{"description":"Google developers console API activation","url":"https://console.developers.google.com/apis/api/compute.googleapis.com/overview?project=326690015446"}]}]}}
[debug] [2026-01-11T19:55:09.634Z] unable to look up default compute service account. Falling back to 326690015446-compute@developer.gserviceaccount.com. Error: {"name":"FirebaseError","children":[],"context":{"body":{"error":{"code":403,"message":"Compute Engine API has not been used in project 326690015446 before or it is disabled. Enable it by visiting https://console.developers.google.com/apis/api/compute.googleapis.com/overview?project=326690015446 then retry. If you enabled this API recently, wait a few minutes for the action to propagate to our systems and retry.","errors":[{"message":"Compute Engine API has not been used in project 326690015446 before or it is disabled. Enable it by visiting https://console.developers.google.com/apis/api/compute.googleapis.com/overview?project=326690015446 then retry. If you enabled this API recently, wait a few minutes for the action to propagate to our systems and retry.","domain":"usageLimits","reason":"accessNotConfigured","extendedHelp":"https://console.developers.google.com"}],"status":"PERMISSION_DENIED","details":[{"@type":"type.googleapis.com/google.rpc.ErrorInfo","reason":"SERVICE_DISABLED","domain":"googleapis.com","metadata":{"activationUrl":"https://console.developers.google.com/apis/api/compute.googleapis.com/overview?project=326690015446","serviceTitle":"Compute Engine API","containerInfo":"326690015446","service":"compute.googleapis.com","consumer":"projects/326690015446"}},{"@type":"type.googleapis.com/google.rpc.LocalizedMessage","locale":"en-US","message":"Compute Engine API has not been used in project 326690015446 before or it is disabled. Enable it by visiting https://console.developers.google.com/apis/api/compute.googleapis.com/overview?project=326690015446 then retry. If you enabled this API recently, wait a few minutes for the action to propagate to our systems and retry."},{"@type":"type.googleapis.com/google.rpc.Help","links":[{"description":"Google developers console API activation","url":"https://console.developers.google.com/apis/api/compute.googleapis.com/overview?project=326690015446"}]}]}},"response":{"statusCode":403}},"exit":1,"message":"Request to https://compute.googleapis.com/compute/v1/projects/326690015446 had HTTP Error: 403, Compute Engine API has not been used in project 326690015446 before or it is disabled. Enable it by visiting https://console.developers.google.com/apis/api/compute.googleapis.com/overview?project=326690015446 then retry. If you enabled this API recently, wait a few minutes for the action to propagate to our systems and retry.","status":403}
[debug] [2026-01-11T19:55:09.634Z] Checked if tokens are valid: true, expires at: 1768163338299
[debug] [2026-01-11T19:55:09.634Z] Checked if tokens are valid: true, expires at: 1768163338299
[debug] [2026-01-11T19:55:09.634Z] >>> [apiv2][query] GET https://compute.googleapis.com/compute/v1/projects/326690015446 [none]
[debug] [2026-01-11T19:55:09.734Z] <<< [apiv2][status] GET https://compute.googleapis.com/compute/v1/projects/326690015446 403
[debug] [2026-01-11T19:55:09.734Z] <<< [apiv2][body] GET https://compute.googleapis.com/compute/v1/projects/326690015446 {"error":{"code":403,"message":"Compute Engine API has not been used in project 326690015446 before or it is disabled. Enable it by visiting https://console.developers.google.com/apis/api/compute.googleapis.com/overview?project=326690015446 then retry. If you enabled this API recently, wait a few minutes for the action to propagate to our systems and retry.","errors":[{"message":"Compute Engine API has not been used in project 326690015446 before or it is disabled. Enable it by visiting https://console.developers.google.com/apis/api/compute.googleapis.com/overview?project=326690015446 then retry. If you enabled this API recently, wait a few minutes for the action to propagate to our systems and retry.","domain":"usageLimits","reason":"accessNotConfigured","extendedHelp":"https://console.developers.google.com"}],"status":"PERMISSION_DENIED","details":[{"@type":"type.googleapis.com/google.rpc.ErrorInfo","reason":"SERVICE_DISABLED","domain":"googleapis.com","metadata":{"activationUrl":"https://console.developers.google.com/apis/api/compute.googleapis.com/overview?project=326690015446","service":"compute.googleapis.com","serviceTitle":"Compute Engine API","containerInfo":"326690015446","consumer":"projects/326690015446"}},{"@type":"type.googleapis.com/google.rpc.LocalizedMessage","locale":"en-US","message":"Compute Engine API has not been used in project 326690015446 before or it is disabled. Enable it by visiting https://console.developers.google.com/apis/api/compute.googleapis.com/overview?project=326690015446 then retry. If you enabled this API recently, wait a few minutes for the action to propagate to our systems and retry."},{"@type":"type.googleapis.com/google.rpc.Help","links":[{"description":"Google developers console API activation","url":"https://console.developers.google.com/apis/api/compute.googleapis.com/overview?project=326690015446"}]}]}}
[debug] [2026-01-11T19:55:09.734Z] unable to look up default compute service account. Falling back to 326690015446-compute@developer.gserviceaccount.com. Error: {"name":"FirebaseError","children":[],"context":{"body":{"error":{"code":403,"message":"Compute Engine API has not been used in project 326690015446 before or it is disabled. Enable it by visiting https://console.developers.google.com/apis/api/compute.googleapis.com/overview?project=326690015446 then retry. If you enabled this API recently, wait a few minutes for the action to propagate to our systems and retry.","errors":[{"message":"Compute Engine API has not been used in project 326690015446 before or it is disabled. Enable it by visiting https://console.developers.google.com/apis/api/compute.googleapis.com/overview?project=326690015446 then retry. If you enabled this API recently, wait a few minutes for the action to propagate to our systems and retry.","domain":"usageLimits","reason":"accessNotConfigured","extendedHelp":"https://console.developers.google.com"}],"status":"PERMISSION_DENIED","details":[{"@type":"type.googleapis.com/google.rpc.ErrorInfo","reason":"SERVICE_DISABLED","domain":"googleapis.com","metadata":{"activationUrl":"https://console.developers.google.com/apis/api/compute.googleapis.com/overview?project=326690015446","service":"compute.googleapis.com","serviceTitle":"Compute Engine API","containerInfo":"326690015446","consumer":"projects/326690015446"}},{"@type":"type.googleapis.com/google.rpc.LocalizedMessage","locale":"en-US","message":"Compute Engine API has not been used in project 326690015446 before or it is disabled. Enable it by visiting https://console.developers.google.com/apis/api/compute.googleapis.com/overview?project=326690015446 then retry. If you enabled this API recently, wait a few minutes for the action to propagate to our systems and retry."},{"@type":"type.googleapis.com/google.rpc.Help","links":[{"description":"Google developers console API activation","url":"https://console.developers.google.com/apis/api/compute.googleapis.com/overview?project=326690015446"}]}]}},"response":{"statusCode":403}},"exit":1,"message":"Request to https://compute.googleapis.com/compute/v1/projects/326690015446 had HTTP Error: 403, Compute Engine API has not been used in project 326690015446 before or it is disabled. Enable it by visiting https://console.developers.google.com/apis/api/compute.googleapis.com/overview?project=326690015446 then retry. If you enabled this API recently, wait a few minutes for the action to propagate to our systems and retry.","status":403}
[debug] [2026-01-11T19:55:09.737Z] Checked if tokens are valid: true, expires at: 1768163338299
[debug] [2026-01-11T19:55:09.737Z] Checked if tokens are valid: true, expires at: 1768163338299
[debug] [2026-01-11T19:55:09.737Z] >>> [apiv2][query] POST https://firebasehosting.googleapis.com/v1beta1/projects/-/sites/wurdemaniot/versions [none]
[debug] [2026-01-11T19:55:09.737Z] >>> [apiv2][body] POST https://firebasehosting.googleapis.com/v1beta1/projects/-/sites/wurdemaniot/versions {"status":"CREATED","labels":{"deployment-tool":"cli-firebase"}}
[debug] [2026-01-11T19:55:10.386Z] <<< [apiv2][status] POST https://firebasehosting.googleapis.com/v1beta1/projects/-/sites/wurdemaniot/versions 200
[debug] [2026-01-11T19:55:10.386Z] <<< [apiv2][body] POST https://firebasehosting.googleapis.com/v1beta1/projects/-/sites/wurdemaniot/versions {"name":"projects/326690015446/sites/wurdemaniot/versions/b8452558098a8e00","status":"CREATED","config":{},"labels":{"deployment-tool":"cli-firebase"}}
[debug] [2026-01-11T19:55:10.386Z] Checked if tokens are valid: true, expires at: 1768163338299
[debug] [2026-01-11T19:55:10.386Z] Checked if tokens are valid: true, expires at: 1768163338299
[debug] [2026-01-11T19:55:10.386Z] >>> [apiv2][query] GET https://cloudbilling.googleapis.com/v1/projects/wurdemaniot/billingInfo [none]
[debug] [2026-01-11T19:55:10.624Z] <<< [apiv2][status] GET https://cloudbilling.googleapis.com/v1/projects/wurdemaniot/billingInfo 200
[debug] [2026-01-11T19:55:10.624Z] <<< [apiv2][body] GET https://cloudbilling.googleapis.com/v1/projects/wurdemaniot/billingInfo {"name":"projects/wurdemaniot/billingInfo","projectId":"wurdemaniot","billingAccountName":"billingAccounts/011997-1A0A74-AC40C9","billingEnabled":true}
[debug] [2026-01-11T19:55:10.626Z] Checked if tokens are valid: true, expires at: 1768163338299
[debug] [2026-01-11T19:55:10.626Z] Checked if tokens are valid: true, expires at: 1768163338299
[debug] [2026-01-11T19:55:10.626Z] >>> [apiv2][query] POST https://cloudfunctions.googleapis.com/v2/projects/wurdemaniot/locations/us-central1/functions:generateUploadUrl [none]
[debug] [2026-01-11T19:55:10.763Z] <<< [apiv2][status] POST https://cloudfunctions.googleapis.com/v2/projects/wurdemaniot/locations/us-central1/functions:generateUploadUrl 200
[debug] [2026-01-11T19:55:10.763Z] <<< [apiv2][body] POST https://cloudfunctions.googleapis.com/v2/projects/wurdemaniot/locations/us-central1/functions:generateUploadUrl {"uploadUrl":"https://storage.googleapis.com/gcf-v2-uploads-326690015446.us-central1.cloudfunctions.appspot.com/312082b5-a2a5-4f72-8dd9-6638700faf1e.zip?GoogleAccessId=service-326690015446@gcf-admin-robot.iam.gserviceaccount.com&Expires=1768163110&Signature=sm%2Fry1HKCCc%2BKKvU91Mr7o5fqrjZr4dKbIF0hKnWHM1Jc92nfUIG2qMMFCCewX7R%2BhqE9DYD9N%2BugeCfjXt8f5%2B9AlOtBpzIjczeKbhaPva19zMHLOgUJLcXmqcxpTM5O0HP5JqtZ2ypMLUrQ8jk8YwcSsx5gDzFTjkjjFKgVgDGl%2FDX6IZwGU%2FDDLu1pK4nNLO5PqlyyjDsN21wmlitrkfROqRTd7GBLTcuuqiyughrUpfjE7VFvSC19EFs1Vbe4rA3Z%2B%2F0qxFuuL0x%2BS3%2FTSaF8893TU%2BmscjcERIChnV%2BOtj%2B9NxPx71pRM3PnzyIqYqU1MRdhnWn8i8Zx2%2B7Fw%3D%3D","storageSource":{"bucket":"gcf-v2-uploads-326690015446.us-central1.cloudfunctions.appspot.com","object":"312082b5-a2a5-4f72-8dd9-6638700faf1e.zip"}}
[debug] [2026-01-11T19:55:10.763Z] >>> [apiv2][query] PUT https://storage.googleapis.com/gcf-v2-uploads-326690015446.us-central1.cloudfunctions.appspot.com/312082b5-a2a5-4f72-8dd9-6638700faf1e.zip GoogleAccessId=service-326690015446%40gcf-admin-robot.iam.gserviceaccount.com&Expires=1768163110&Signature=sm%2Fry1HKCCc%2BKKvU91Mr7o5fqrjZr4dKbIF0hKnWHM1Jc92nfUIG2qMMFCCewX7R%2BhqE9DYD9N%2BugeCfjXt8f5%2B9AlOtBpzIjczeKbhaPva19zMHLOgUJLcXmqcxpTM5O0HP5JqtZ2ypMLUrQ8jk8YwcSsx5gDzFTjkjjFKgVgDGl%2FDX6IZwGU%2FDDLu1pK4nNLO5PqlyyjDsN21wmlitrkfROqRTd7GBLTcuuqiyughrUpfjE7VFvSC19EFs1Vbe4rA3Z%2B%2F0qxFuuL0x%2BS3%2FTSaF8893TU%2BmscjcERIChnV%2BOtj%2B9NxPx71pRM3PnzyIqYqU1MRdhnWn8i8Zx2%2B7Fw%3D%3D
[debug] [2026-01-11T19:55:10.763Z] >>> [apiv2][body] PUT https://storage.googleapis.com/gcf-v2-uploads-326690015446.us-central1.cloudfunctions.appspot.com/312082b5-a2a5-4f72-8dd9-6638700faf1e.zip [stream]
[debug] [2026-01-11T19:55:11.013Z] <<< [apiv2][status] PUT https://storage.googleapis.com/gcf-v2-uploads-326690015446.us-central1.cloudfunctions.appspot.com/312082b5-a2a5-4f72-8dd9-6638700faf1e.zip 200
[debug] [2026-01-11T19:55:11.013Z] <<< [apiv2][body] PUT https://storage.googleapis.com/gcf-v2-uploads-326690015446.us-central1.cloudfunctions.appspot.com/312082b5-a2a5-4f72-8dd9-6638700faf1e.zip [omitted]
[info] +  functions: functions source uploaded successfully 
[info] i  hosting[wurdemaniot]: beginning deploy... 
[info] i  hosting[wurdemaniot]: found 4 files in public 
[debug] [2026-01-11T19:55:11.028Z] [hosting] uploading with 200 concurrency
[debug] [2026-01-11T19:55:11.031Z] Checked if tokens are valid: true, expires at: 1768163338299
[debug] [2026-01-11T19:55:11.031Z] Checked if tokens are valid: true, expires at: 1768163338299
[debug] [2026-01-11T19:55:11.032Z] [hosting] hash cache [cHVibGlj] stored for 4 files
[debug] [2026-01-11T19:55:11.032Z] [hosting][hash queue][FINAL] {"max":0,"min":0,"avg":0,"active":0,"complete":4,"success":4,"errored":0,"retried":0,"total":4,"elapsed":2}
[debug] [2026-01-11T19:55:11.032Z] >>> [apiv2][query] POST https://firebasehosting.googleapis.com/v1beta1/projects/326690015446/sites/wurdemaniot/versions/b8452558098a8e00:populateFiles [none]
[debug] [2026-01-11T19:55:11.032Z] >>> [apiv2][body] POST https://firebasehosting.googleapis.com/v1beta1/projects/326690015446/sites/wurdemaniot/versions/b8452558098a8e00:populateFiles {"files":{"/styles.css":"f046e697ceb053540b3a14d34a50496cbc4cac5d3046f1ba7973b3631e6a4ec0","/index.html":"4a0fee15bf5a3d91f078f7a998cdfb1dc3291b7ff7f5e3f5530036da352ec172\r","/firebase-config.js":"7d6894169b5a8cad2201ecafa8e2df13adb134f16631b8d9e4b10f039b159462","/app.js":"218a1c39dfd889adb9d2a3d9500dd7ed484ab3fe09bd0391f792443ad32bb70d"}}
[debug] [2026-01-11T19:55:11.185Z] <<< [apiv2][status] POST https://firebasehosting.googleapis.com/v1beta1/projects/326690015446/sites/wurdemaniot/versions/b8452558098a8e00:populateFiles 200
[debug] [2026-01-11T19:55:11.185Z] <<< [apiv2][body] POST https://firebasehosting.googleapis.com/v1beta1/projects/326690015446/sites/wurdemaniot/versions/b8452558098a8e00:populateFiles {"uploadUrl":"https://upload-firebasehosting.googleapis.com/upload/sites/wurdemaniot/versions/b8452558098a8e00/files"}
[debug] [2026-01-11T19:55:11.186Z] [hosting][populate queue][FINAL] {"max":155,"min":155,"avg":155,"active":0,"complete":1,"success":1,"errored":0,"retried":0,"total":1,"elapsed":155}
[debug] [2026-01-11T19:55:11.186Z] [hosting] uploads queued: 0
[debug] [2026-01-11T19:55:11.186Z] [hosting][upload queue][FINAL] {"max":0,"min":9999999999,"avg":0,"active":0,"complete":0,"success":0,"errored":0,"retried":0,"total":0,"elapsed":1768161311186}
[info] +  hosting[wurdemaniot]: file upload complete 
[debug] [2026-01-11T19:55:11.187Z] [hosting] deploy completed after 170ms
[info] i  functions: Skipping the deploy of unchanged functions. 
[info] +  functions[config(us-central1)] Skipped (No changes detected) 
[info] +  functions[thermostatIngest(us-central1)] Skipped (No changes detected) 
[info] +  functions[thermostatConfig(us-central1)] Skipped (No changes detected) 
[info] i  functions: updating Node.js 20 (2nd Gen) function ingest(us-central1)... 
[debug] [2026-01-11T19:55:11.192Z] Checked if tokens are valid: true, expires at: 1768163338299
[debug] [2026-01-11T19:55:11.192Z] Checked if tokens are valid: true, expires at: 1768163338299
[debug] [2026-01-11T19:55:11.192Z] >>> [apiv2][query] PATCH https://cloudfunctions.googleapis.com/v2/projects/wurdemaniot/locations/us-central1/functions/ingest updateMask=name%2CbuildConfig.runtime%2CbuildConfig.entryPoint%2CbuildConfig.source.storageSource.bucket%2CbuildConfig.source.storageSource.object%2CbuildConfig.environmentVariables%2CserviceConfig.environmentVariables%2CserviceConfig.secretEnvironmentVariables%2CserviceConfig.ingressSettings%2CserviceConfig.timeoutSeconds%2CserviceConfig.serviceAccountEmail%2CserviceConfig.availableMemory%2CserviceConfig.minInstanceCount%2CserviceConfig.maxInstanceCount%2CserviceConfig.maxInstanceRequestConcurrency%2CserviceConfig.availableCpu%2CserviceConfig.vpcConnector%2CserviceConfig.vpcConnectorEgressSettings%2Clabels
[debug] [2026-01-11T19:55:11.192Z] >>> [apiv2][body] PATCH https://cloudfunctions.googleapis.com/v2/projects/wurdemaniot/locations/us-central1/functions/ingest {"name":"projects/wurdemaniot/locations/us-central1/functions/ingest","buildConfig":{"runtime":"nodejs20","entryPoint":"ingest","source":{"storageSource":{"bucket":"gcf-v2-uploads-326690015446.us-central1.cloudfunctions.appspot.com","object":"312082b5-a2a5-4f72-8dd9-6638700faf1e.zip"}},"environmentVariables":{"GOOGLE_NODE_RUN_SCRIPTS":""}},"serviceConfig":{"environmentVariables":{"FIREBASE_CONFIG":"{\"projectId\":\"wurdemaniot\",\"databaseURL\":\"https://wurdemaniot-default-rtdb.firebaseio.com\",\"storageBucket\":\"wurdemaniot.firebasestorage.app\"}","GCLOUD_PROJECT":"wurdemaniot","EVENTARC_CLOUD_EVENT_SOURCE":"projects/wurdemaniot/locations/us-central1/services/ingest","FUNCTION_TARGET":"ingest","LOG_EXECUTION_ID":"true","DEVICE_TOKEN":"b7c9e2a41fd64e7d9f13c8a5"},"secretEnvironmentVariables":[{"key":"DEVICE_TOKEN","secret":"DEVICE_TOKEN","projectId":"wurdemaniot","version":"2"}],"ingressSettings":null,"timeoutSeconds":null,"serviceAccountEmail":null,"availableMemory":"256Mi","minInstanceCount":null,"maxInstanceCount":null,"maxInstanceRequestConcurrency":8,"availableCpu":"1","vpcConnector":null,"vpcConnectorEgressSettings":null},"labels":{"deployment-tool":"cli-firebase","firebase-functions-hash":"8923e5e52e58d5b3f9b668a0f4eb02d223fd96b5"}}
[debug] [2026-01-11T19:55:11.622Z] <<< [apiv2][status] PATCH https://cloudfunctions.googleapis.com/v2/projects/wurdemaniot/locations/us-central1/functions/ingest 400
[debug] [2026-01-11T19:55:11.622Z] <<< [apiv2][body] PATCH https://cloudfunctions.googleapis.com/v2/projects/wurdemaniot/locations/us-central1/functions/ingest {"error":{"code":400,"message":"Could not update Cloud Run service projects/wurdemaniot/locations/us-central1/services/ingest. spec.template.spec.containers[0].env: Secret environment variable overlaps non secret environment variable: DEVICE_TOKEN","status":"INVALID_ARGUMENT"}}
[warn] !  functions: Request to https://cloudfunctions.googleapis.com/v2/projects/wurdemaniot/locations/us-central1/functions/ingest?updateMask=name%2CbuildConfig.runtime%2CbuildConfig.entryPoint%2CbuildConfig.source.storageSource.bucket%2CbuildConfig.source.storageSource.object%2CbuildConfig.environmentVariables%2CserviceConfig.environmentVariables%2CserviceConfig.secretEnvironmentVariables%2CserviceConfig.ingressSettings%2CserviceConfig.timeoutSeconds%2CserviceConfig.serviceAccountEmail%2CserviceConfig.availableMemory%2CserviceConfig.minInstanceCount%2CserviceConfig.maxInstanceCount%2CserviceConfig.maxInstanceRequestConcurrency%2CserviceConfig.availableCpu%2CserviceConfig.vpcConnector%2CserviceConfig.vpcConnectorEgressSettings%2Clabels had HTTP Error: 400, Could not update Cloud Run service projects/wurdemaniot/locations/us-central1/services/ingest. spec.template.spec.containers[0].env: Secret environment variable overlaps non secret environment variable: DEVICE_TOKEN 
[warn] !  functions:  failed to update function projects/wurdemaniot/locations/us-central1/functions/ingest 
[error] Failed to update function projects/wurdemaniot/locations/us-central1/functions/ingest
[debug] [2026-01-11T19:55:11.628Z] Total Function Deployment time: 433
[debug] [2026-01-11T19:55:11.628Z] 1 Functions Deployed
[debug] [2026-01-11T19:55:11.628Z] 1 Functions Errored
[debug] [2026-01-11T19:55:11.628Z] 0 Function Deployments Aborted
[debug] [2026-01-11T19:55:11.628Z] Average Function Deployment time: 432
[info] 
[info] Functions deploy had errors with the following functions:
	ingest(us-central1)
[debug] [2026-01-11T19:55:11.748Z] Not printing URL for HTTPS function. Typically this means it didn't match a filter or we failed deployment
[debug] [2026-01-11T19:55:11.748Z] Not printing URL for HTTPS function. Typically this means it didn't match a filter or we failed deployment
[debug] [2026-01-11T19:55:11.748Z] Not printing URL for HTTPS function. Typically this means it didn't match a filter or we failed deployment
[debug] [2026-01-11T19:55:11.748Z] Not printing URL for HTTPS function. Typically this means it didn't match a filter or we failed deployment
[debug] [2026-01-11T19:55:11.749Z] Checked if tokens are valid: true, expires at: 1768163338299
[debug] [2026-01-11T19:55:11.749Z] Checked if tokens are valid: true, expires at: 1768163338299
[debug] [2026-01-11T19:55:11.749Z] >>> [apiv2][query] GET https://artifactregistry.googleapis.com/v1/projects/wurdemaniot/locations/us-central1/repositories/gcf-artifacts [none]
[debug] [2026-01-11T19:55:12.012Z] <<< [apiv2][status] GET https://artifactregistry.googleapis.com/v1/projects/wurdemaniot/locations/us-central1/repositories/gcf-artifacts 200
[debug] [2026-01-11T19:55:12.012Z] <<< [apiv2][body] GET https://artifactregistry.googleapis.com/v1/projects/wurdemaniot/locations/us-central1/repositories/gcf-artifacts {"name":"projects/wurdemaniot/locations/us-central1/repositories/gcf-artifacts","format":"DOCKER","description":"This repository is created and used by Cloud Functions for storing function docker images.","labels":{"goog-managed-by":"cloudfunctions"},"createTime":"2026-01-05T03:46:13.494222Z","updateTime":"2026-01-11T19:29:45.262033Z","mode":"STANDARD_REPOSITORY","cleanupPolicies":{"firebase-functions-cleanup":{"id":"firebase-functions-cleanup","action":"DELETE","condition":{"tagState":"ANY","olderThan":"86400s"}}},"sizeBytes":"172532896","vulnerabilityScanningConfig":{"lastEnableTime":"2026-01-05T03:46:05.257316875Z","enablementState":"SCANNING_DISABLED","enablementStateReason":"API containerscanning.googleapis.com is not enabled."},"satisfiesPzi":true,"registryUri":"us-central1-docker.pkg.dev/wurdemaniot/gcf-artifacts"}
[debug] [2026-01-11T19:55:12.012Z] Functions deploy failed.
[debug] [2026-01-11T19:55:12.012Z] {
  "endpoint": {
    "id": "ingest",
    "project": "wurdemaniot",
    "region": "us-central1",
    "entryPoint": "ingest",
    "platform": "gcfv2",
    "runtime": "nodejs20",
    "httpsTrigger": {},
    "labels": {
      "deployment-tool": "cli-firebase"
    },
    "secretEnvironmentVariables": [
      {
        "key": "DEVICE_TOKEN",
        "secret": "DEVICE_TOKEN",
        "projectId": "wurdemaniot",
        "version": "2"
      }
    ],
    "serviceAccount": null,
    "ingressSettings": null,
    "availableMemoryMb": null,
    "timeoutSeconds": null,
    "maxInstances": null,
    "minInstances": null,
    "concurrency": 8,
    "vpc": null,
    "environmentVariables": {
      "FIREBASE_CONFIG": "{\"projectId\":\"wurdemaniot\",\"databaseURL\":\"https://wurdemaniot-default-rtdb.firebaseio.com\",\"storageBucket\":\"wurdemaniot.firebasestorage.app\"}",
      "GCLOUD_PROJECT": "wurdemaniot",
      "EVENTARC_CLOUD_EVENT_SOURCE": "projects/wurdemaniot/locations/us-central1/services/ingest",
      "FUNCTION_TARGET": "ingest",
      "LOG_EXECUTION_ID": "true",
      "DEVICE_TOKEN": "b7c9e2a41fd64e7d9f13c8a5"
    },
    "codebase": "default",
    "runServiceId": "ingest",
    "cpu": 1,
    "securityLevel": "SECURE_ALWAYS",
    "targetedByOnly": false,
    "hash": "8923e5e52e58d5b3f9b668a0f4eb02d223fd96b5"
  },
  "op": "update",
  "original": {
    "name": "FirebaseError",
    "children": [],
    "context": {
      "function": "projects/wurdemaniot/locations/us-central1/functions/ingest"
    },
    "exit": 1,
    "message": "Failed to update function projects/wurdemaniot/locations/us-central1/functions/ingest",
    "original": {
      "name": "FirebaseError",
      "children": [],
      "context": {
        "body": {
          "error": {
            "code": 400,
            "message": "Could not update Cloud Run service projects/wurdemaniot/locations/us-central1/services/ingest. spec.template.spec.containers[0].env: Secret environment variable overlaps non secret environment variable: DEVICE_TOKEN",
            "status": "INVALID_ARGUMENT"
          }
        },
        "response": {
          "statusCode": 400
        }
      },
      "exit": 1,
      "message": "Request to https://cloudfunctions.googleapis.com/v2/projects/wurdemaniot/locations/us-central1/functions/ingest?updateMask=name%2CbuildConfig.runtime%2CbuildConfig.entryPoint%2CbuildConfig.source.storageSource.bucket%2CbuildConfig.source.storageSource.object%2CbuildConfig.environmentVariables%2CserviceConfig.environmentVariables%2CserviceConfig.secretEnvironmentVariables%2CserviceConfig.ingressSettings%2CserviceConfig.timeoutSeconds%2CserviceConfig.serviceAccountEmail%2CserviceConfig.availableMemory%2CserviceConfig.minInstanceCount%2CserviceConfig.maxInstanceCount%2CserviceConfig.maxInstanceRequestConcurrency%2CserviceConfig.availableCpu%2CserviceConfig.vpcConnector%2CserviceConfig.vpcConnectorEgressSettings%2Clabels had HTTP Error: 400, Could not update Cloud Run service projects/wurdemaniot/locations/us-central1/services/ingest. spec.template.spec.containers[0].env: Secret environment variable overlaps non secret environment variable: DEVICE_TOKEN",
      "status": 400
    },
    "status": 400,
    "code": 400
  }
}
[debug] [2026-01-11T19:55:12.076Z] Error: Failed to update function ingest in region us-central1
    at C:\Users\ethan\AppData\Roaming\npm\node_modules\firebase-tools\lib\deploy\functions\release\fabricator.js:411:19
    at process.processTicksAndRejections (node:internal/process/task_queues:105:5)
    at async Fabricator.updateV2Function (C:\Users\ethan\AppData\Roaming\npm\node_modules\firebase-tools\lib\deploy\functions\release\fabricator.js:400:32)
    at async Fabricator.updateEndpoint (C:\Users\ethan\AppData\Roaming\npm\node_modules\firebase-tools\lib\deploy\functions\release\fabricator.js:160:13)
    at async handle (C:\Users\ethan\AppData\Roaming\npm\node_modules\firebase-tools\lib\deploy\functions\release\fabricator.js:89:17)
[error] 
[error] Error: There was an error deploying functions
